번호,구분,제품,slug,쿠팡 링크(상품 페이지 주소 또는 파트너스 짧은 링크),비고(쿠팡에 없음·단종 등)
"1","음료","뉴케어 올프로틴 (아몬드맛) 245mL","newcare-all-protein-almond-245","",""
"2","음료","뉴케어 올프로틴 (흑임자맛) 245mL","newcare-all-protein-blacksesame-245","",""
"3","음료","오늘단백 오늘단백 (초코라떼) 250mL","oneuldanbaek-choco-latte-250","",""
"4","음료","마이밀 퓨로틴 (고소한맛) 250mL","mymil-furotein-gosohan-250","",""
"5","음료","마이밀 퓨로틴 (고구마맛) 250mL","mymil-furotein-goguma-250","",""
"6","음료","셀렉스 프로틴 웨이프로핏 (아메리카노) 330mL","sellex-profit-whey-protein-americano-330","",""
"7","음료","세븐일레븐 이정후 프로틴 (초콜릿) 330mL","7eleven-junghoo-choco-protein-330","",""
"8","음료","세븐일레븐 이정후 프로틴 (바닐라) 330mL","7eleven-junghoo-vanilla-protein-330","",""
"9","음료","퓨어틴 퓨어틴 초코 쉐이크 330mL","puretein-choco-330","",""
"10","음료","퓨어틴 퓨어틴 커피 쉐이크 330mL","puretein-coffee-330","",""
"11","음료","서울우유 프로틴 에너지 (커피) 240mL","seoulmilk-protein-energy-coffee-240","",""
"12","음료","오늘단백 오늘단백 (카라멜라떼) 250mL","oneuldanbaek-caramel-latte-250","",""
"13","음료","오늘단백 오늘단백 (돌체라떼) 250mL","oneuldanbaek-dolce-latte-250","",""
"14","음료","오뚜기 데이프로틴 21g (초코맛) 250mL","ottogi-dayprotein-choco-250","",""
"15","음료","오뚜기 데이프로틴 21g (오곡맛) 250mL","ottogi-dayprotein-fivegrain-250","",""
"16","음료","오뚜기 데이프로틴 21g (바나나맛) 250mL","ottogi-dayprotein-banana-250","",""
"17","바","노브랜드 단백질바 초코 48g","nobrand-proteinbar-choco","",""
"18","바","랩노쉬 푸드바 마일드 초코 55g","labnosh-foodbar-mildchoco","",""
"19","바","크라운 고단백질초코바 45g","crown-highprotein-chocobar","",""
"20","바","켈로그 프로틴 그래놀라바 (고소한맛) 35g","kellogg-protein-granolabar-savory","",""
"21","바","마이프로틴 6 레이어 프로틴바 (트리플 초콜릿 퍼지) 60g","myprotein-6layer-triple-chocolate-fudge-60","",""
"22","요거트","요플레 요플레 프로틴 블루베리 떠먹는 요구르트 100g","yoplait-protein-blueberry-100","",""
"23","요거트","요플레 요플레 프로틴 플레인 떠먹는 요구르트 100g","yoplait-protein-plain-100","",""
