no,slug,brand,productName,coupangUrl
1,delight-project-shake-nutty-choco-45,딜라이트 프로젝트,단백질 쉐이크 (너티초코),https://link.coupang.com/a/htagJ0rJ8u
2,delight-project-shake-black-sesame-injeolmi-45,딜라이트 프로젝트,단백질 쉐이크 (흑임자인절미),https://link.coupang.com/a/htai5ldEHs
3,delight-project-shake-sweet-potato-misutgaru-45,딜라이트 프로젝트,단백질 쉐이크 (고구마미숫가루),https://link.coupang.com/a/htajVdZqlE
4,delight-project-shake-corn-castella-45,딜라이트 프로젝트,단백질 쉐이크 (옥수수카스테라),https://link.coupang.com/a/htakQUsq2C
5,delight-project-shake-pistachio-choco-45,딜라이트 프로젝트,단백질 쉐이크 (피스타치오초코),https://link.coupang.com/a/htalYmy2pg
6,delight-project-shake-strawberry-yogurt-45,딜라이트 프로젝트,단백질 쉐이크 (딸기요거트),https://link.coupang.com/a/htam2BVMCO
7,delight-project-shake-blueberry-yogurt-45,딜라이트 프로젝트,단백질 쉐이크 (블루베리요거트),https://link.coupang.com/a/htanNv8tGK
8,delight-project-shake-melon-milk-45,딜라이트 프로젝트,단백질 쉐이크 (멜론밀크),https://link.coupang.com/a/htaowCNUPs
9,hansonhankki-petit-shake-pistachio-choco-40,한손한끼,Petit 단백질 쉐이크 (피스타치오 초코),https://link.coupang.com/a/htaps78PXU
10,hansonhankki-petit-shake-strawberry-40,한손한끼,Petit 단백질 쉐이크 (딸기),https://link.coupang.com/a/htaqgC1yIm
11,hansonhankki-petit-shake-chestnut-latte-40,한손한끼,Petit 단백질 쉐이크 (밤라떼맛),https://link.coupang.com/a/htaqT1mPiC
12,hansonhankki-petit-shake-choco-40,한손한끼,Petit 단백질 쉐이크 (초코),https://link.coupang.com/a/htar8ANXLE
13,hansonhankki-petit-shake-grain-40,한손한끼,Petit 단백질 쉐이크 (곡물),https://link.coupang.com/a/htas7oWboy
14,maeilhankki-shake-strawberry-40,매일한끼,단백질 쉐이크 (딸기),https://link.coupang.com/a/htatQNPCTc
15,maeilhankki-shake-purple-sweet-potato-40,매일한끼,단백질 쉐이크 (자색고구마),https://link.coupang.com/a/htauNM7Mlw
16,maeilhankki-shake-sweet-corn-40,매일한끼,단백질 쉐이크 (스윗콘),https://link.coupang.com/a/htavAihio0
17,maeilhankki-shake-grain-40,매일한끼,단백질 쉐이크 (곡물),https://link.coupang.com/a/htaDvSGAQm
18,maeilhankki-shake-choco-40,매일한끼,단백질 쉐이크 (초코),https://link.coupang.com/a/htaDvSGAQm
19,takefit-breadmeal-shake-choco-brownie-45,테이크핏,브레드밀 단백질 쉐이크 (초코 브라우니),https://link.coupang.com/a/htaGe1bYAL
20,takefit-breadmeal-shake-banana-brulee-45,테이크핏,브레드밀 단백질 쉐이크 (바나나브륄레),https://link.coupang.com/a/htaGWJQXjU
21,takefit-breadmeal-shake-savory-oat-bread-45,테이크핏,브레드밀 단백질 쉐이크 (고소오트식빵),https://link.coupang.com/a/htaHNnv0FM
22,takefit-breadmeal-shake-sweet-potato-soboro-45,테이크핏,브레드밀 단백질 쉐이크 (고구마소보로),https://link.coupang.com/a/htaIquwS2S
23,sportsix-protein-shake-nutty-choco-45,스포식스,프로틴쉐이크 (너티초코),https://link.coupang.com/a/htaK9uxmXk
24,sportsix-protein-shake-savory-yulmu-45,스포식스,프로틴쉐이크 (고쇼율무),https://link.coupang.com/a/htaK9uxmXk
