priority_tier,priority_score,product_id,product_slug_label,product_name,brand,category,protein_g,current_url,new_proteinlab_url,affiliate_link_id,channel_id,status,priority_reason,recommended_action,notes
P1,127,labnosh-protein-max-choco-400,Labnosh Protein Max Choco 400,프로틴 드링크 맥스 (초코),랩노쉬,drink,52,https://link.coupang.com/a/e8MFh5asjA,,,proteinlab,PENDING,top_landing_connected;has_existing_coupang_url;ultra_high_protein,Issue a new ProteinLab-only Coupang Partners link and paste it here.,
P1,127,newcare-all-protein-41g,Newcare All Protein 41G,올프로틴 41g (초코맛),뉴케어,drink,41,https://link.coupang.com/a/e8NyraGXKK,,,proteinlab,PENDING,top_landing_connected;has_existing_coupang_url;ultra_high_protein,Issue a new ProteinLab-only Coupang Partners link and paste it here.,
P1,127,takefit-monster-goso-350,Takefit Monster Goso 350,테이크핏 몬스터 (고소한맛),테이크핏,drink,45,https://link.coupang.com/a/e8NKbDFBEy,,,proteinlab,PENDING,top_landing_connected;has_existing_coupang_url;ultra_high_protein,Issue a new ProteinLab-only Coupang Partners link and paste it here.,
P1,112,newcare-all-protein-choco-245,Newcare All Protein Choco 245,올프로틴 (초콜릿),뉴케어,drink,25,https://link.coupang.com/a/e8MJ6pkgtV,,,proteinlab,PENDING,top_landing_connected;has_existing_coupang_url;high_protein,Issue a new ProteinLab-only Coupang Partners link and paste it here.,
P1,97,hymune-balance-active-deepchoco-250,Hymune Balance Active Deepchoco 250,프로틴 밸런스 액티브 (딥초코),하이뮨,drink,20,https://link.coupang.com/a/e8MW0aWHVA,,,proteinlab,PENDING,top_landing_connected;has_existing_coupang_url,Issue a new ProteinLab-only Coupang Partners link and paste it here.,
P1,97,sellex-profit-milk-vanilla-250,Sellex Profit Milk Vanilla 250,프로핏 (밀크 바닐라),셀렉스,drink,20,https://link.coupang.com/a/e8MRblZJls,,,proteinlab,PENDING,top_landing_connected;has_existing_coupang_url,Issue a new ProteinLab-only Coupang Partners link and paste it here.,
P1,97,takefit-max-choco-250,Takefit Max Choco 250,테이크핏 맥스 (초코맛),테이크핏,drink,24,https://link.coupang.com/a/e8Nv18aYQS,,,proteinlab,PENDING,top_landing_connected;has_existing_coupang_url,Issue a new ProteinLab-only Coupang Partners link and paste it here.,
P1,97,takefit-max-goso-250,Takefit Max Goso 250,테이크핏 맥스 (고소한맛),테이크핏,drink,24,https://link.coupang.com/a/e8Nve93CDY,,,proteinlab,PENDING,top_landing_connected;has_existing_coupang_url,Issue a new ProteinLab-only Coupang Partners link and paste it here.,
P1,95,itthefit-proteinshake-double-choco-40,Itthefit Proteinshake Double Choco 40,단백질 쉐이크 (더블초코),잇더핏,shake,21.3,https://link.coupang.com/a/fgZ6z4vTJA,,,proteinlab,PENDING,top_landing_connected;has_existing_coupang_url,Issue a new ProteinLab-only Coupang Partners link and paste it here.,
P1,95,proteone-proteinshake-choco-40,Proteone Proteinshake Choco 40,단백질 쉐이크 (초코맛),프로티원,shake,23,https://link.coupang.com/a/fgZ1KR8TrE,,,proteinlab,PENDING,top_landing_connected;has_existing_coupang_url,Issue a new ProteinLab-only Coupang Partners link and paste it here.,
