product_id,product_name,brand,category,current_url,new_proteinlab_url,affiliate_link_id,channel_id,status,notes
7eleven-junghoo-choco-protein-330,이정후 프로틴 (초콜릿),세븐일레븐,drink,,,,proteinlab,PENDING,No existing Coupang URL. Enter a newly issued ProteinLab link.
7eleven-junghoo-vanilla-protein-330,이정후 프로틴 (바닐라),세븐일레븐,drink,,,,proteinlab,PENDING,No existing Coupang URL. Enter a newly issued ProteinLab link.
allthebetter-proteinshake-banana-latte-45,단백질 쉐이크 (바나나라떼),올더배러,shake,https://link.coupang.com/a/fg0BbQBbgH,,,proteinlab,PENDING,Existing Coupang URL is not confirmed as ProteinLab-only. Enter a newly issued ProteinLab link.
allthebetter-proteinshake-corn-latte-45,단백질 쉐이크 (옥수수라떼),올더배러,shake,https://link.coupang.com/a/fg0BJJmVau,,,proteinlab,PENDING,Existing Coupang URL is not confirmed as ProteinLab-only. Enter a newly issued ProteinLab link.
allthebetter-proteinshake-low-sugar-17grain-misugaru-45,단백질 쉐이크 (저당 17곡 미숫가루),올더배러,shake,https://link.coupang.com/a/fg0Crxirts,,,proteinlab,PENDING,Existing Coupang URL is not confirmed as ProteinLab-only. Enter a newly issued ProteinLab link.
allthebetter-proteinshake-low-sugar-black-soy-milk-45,단백질 쉐이크 (저당 검은콩두유),올더배러,shake,https://link.coupang.com/a/fg0C2A84LQ,,,proteinlab,PENDING,Existing Coupang URL is not confirmed as ProteinLab-only. Enter a newly issued ProteinLab link.
allthebetter-proteinshake-low-sugar-chocolate-mousse-45,단백질 쉐이크 (저당 초콜릿무스),올더배러,shake,https://link.coupang.com/a/fg0D4qyMTc,,,proteinlab,PENDING,Existing Coupang URL is not confirmed as ProteinLab-only. Enter a newly issued ProteinLab link.
allthebetter-proteinshake-multi-berry-smoothie-45,단백질 쉐이크 (멀티베리스무디),올더배러,shake,https://link.coupang.com/a/fg0ADIr4N2,,,proteinlab,PENDING,Existing Coupang URL is not confirmed as ProteinLab-only. Enter a newly issued ProteinLab link.
baggio-shakeyam-choco-45,단백질 쉐이크얌 (초코),바지오,shake,https://link.coupang.com/a/fg0X4DHlGm,,,proteinlab,PENDING,Existing Coupang URL is not confirmed as ProteinLab-only. Enter a newly issued ProteinLab link.
baggio-shakeyam-corn-45,단백질 쉐이크얌 (옥수수),바지오,shake,https://link.coupang.com/a/fg0110nXOu,,,proteinlab,PENDING,Existing Coupang URL is not confirmed as ProteinLab-only. Enter a newly issued ProteinLab link.
baggio-shakeyam-grain-45,단백질 쉐이크얌 (곡물),바지오,shake,https://link.coupang.com/a/fg0YQwO30S,,,proteinlab,PENDING,Existing Coupang URL is not confirmed as ProteinLab-only. Enter a newly issued ProteinLab link.
baggio-shakeyam-matcha-45,단백질 쉐이크얌 (말차),바지오,shake,https://link.coupang.com/a/fg0ZyVLFPo,,,proteinlab,PENDING,Existing Coupang URL is not confirmed as ProteinLab-only. Enter a newly issued ProteinLab link.
baggio-shakeyam-matcha-salted-caramel-45,단백질 쉐이크얌 (말차 솔티드카라멜),바지오,shake,https://link.coupang.com/a/fg01oZvIke,,,proteinlab,PENDING,Existing Coupang URL is not confirmed as ProteinLab-only. Enter a newly issued ProteinLab link.
baggio-shakeyam-matcha-strawberry-latte-45,단백질 쉐이크얌 (말차 딸기 라떼),바지오,shake,https://link.coupang.com/a/fg00CzQUVM,,,proteinlab,PENDING,Existing Coupang URL is not confirmed as ProteinLab-only. Enter a newly issued ProteinLab link.
baggio-shakeyam-oolong-milk-tea-45,단백질 쉐이크얌 (우롱 밀크티),바지오,shake,https://link.coupang.com/a/fg02ItN2uy,,,proteinlab,PENDING,Existing Coupang URL is not confirmed as ProteinLab-only. Enter a newly issued ProteinLab link.
balance-meal-protein-bar-matcha-choco-38,밸런스밀 프로틴바 (말차초코),CJ제일제당,bar,https://link.coupang.com/a/fg2GbhI0K4,,,proteinlab,PENDING,Existing Coupang URL is not confirmed as ProteinLab-only. Enter a newly issued ProteinLab link.
balance-meal-protein-bar-peanutbutter-34,밸런스밀 프로틴바 (피넛버터),CJ제일제당,bar,https://link.coupang.com/a/fg2GVwHnQO,,,proteinlab,PENDING,Existing Coupang URL is not confirmed as ProteinLab-only. Enter a newly issued ProteinLab link.
benof-proteinbar-chunky-choco,단백질바 (청키초콜릿),베노프,bar,https://link.coupang.com/a/fg1Mvt8ki4,,,proteinlab,PENDING,Existing Coupang URL is not confirmed as ProteinLab-only. Enter a newly issued ProteinLab link.
benof-proteinbar-truffle-peanutbutter-choco,단백질바 (트러플피넛버터초콜릿),베노프,bar,https://link.coupang.com/a/fg1M1Cq2VM,,,proteinlab,PENDING,Existing Coupang URL is not confirmed as ProteinLab-only. Enter a newly issued ProteinLab link.
benof-proteinshake-chocolate-cereal-40,단백질 쉐이크 (초콜릿시리얼),베노프,shake,https://link.coupang.com/a/fg0H8EgJXM,,,proteinlab,PENDING,Existing Coupang URL is not confirmed as ProteinLab-only. Enter a newly issued ProteinLab link.
benof-proteinshake-misugaru-cereal-40,단백질 쉐이크 (미숫가루시리얼),베노프,shake,https://link.coupang.com/a/fg0zeZqDPU,,,proteinlab,PENDING,Existing Coupang URL is not confirmed as ProteinLab-only. Enter a newly issued ProteinLab link.
benof-softbar-berry-cheesecake,소프트바 (베리베리치즈케이크),베노프,bar,https://link.coupang.com/a/fg1SyycJgq,,,proteinlab,PENDING,Existing Coupang URL is not confirmed as ProteinLab-only. Enter a newly issued ProteinLab link.
benof-softbar-black-sesame,소프트바 (흑임자),베노프,bar,https://link.coupang.com/a/fg1QWzVZDw,,,proteinlab,PENDING,Existing Coupang URL is not confirmed as ProteinLab-only. Enter a newly issued ProteinLab link.
benof-softbar-cacao,소프트바 (카카오),베노프,bar,https://link.coupang.com/a/fg1P38dl24,,,proteinlab,PENDING,Existing Coupang URL is not confirmed as ProteinLab-only. Enter a newly issued ProteinLab link.
benof-softbar-chocolate-caramel,소프트바 (초콜릿카라멜),베노프,bar,https://link.coupang.com/a/fg1PrFQPq8,,,proteinlab,PENDING,Existing Coupang URL is not confirmed as ProteinLab-only. Enter a newly issued ProteinLab link.
benof-softbar-cookie-cream,소프트바 (쿠키앤크림),베노프,bar,https://link.coupang.com/a/fg1OWqXsOq,,,proteinlab,PENDING,Existing Coupang URL is not confirmed as ProteinLab-only. Enter a newly issued ProteinLab link.
benof-softbar-injeolmi,소프트바 (인절미),베노프,bar,https://link.coupang.com/a/fg1RwhLmqO,,,proteinlab,PENDING,Existing Coupang URL is not confirmed as ProteinLab-only. Enter a newly issued ProteinLab link.
benof-softbar-peanutbutter,소프트바 (피넛버터),베노프,bar,https://link.coupang.com/a/fg1OnW0gSa,,,proteinlab,PENDING,Existing Coupang URL is not confirmed as ProteinLab-only. Enter a newly issued ProteinLab link.
benof-softbar-roasted-sweetpotato,소프트바 (군고구마),베노프,bar,https://link.coupang.com/a/fg1RZCYw4i,,,proteinlab,PENDING,Existing Coupang URL is not confirmed as ProteinLab-only. Enter a newly issued ProteinLab link.
bsn-protein-crisp-peanut-butter-crunch,프로틴 크리스프 단백질바 (피넛 버터 크런치),비에스엔,bar,https://link.coupang.com/a/fg1Ugh9grc,,,proteinlab,PENDING,Existing Coupang URL is not confirmed as ProteinLab-only. Enter a newly issued ProteinLab link.
bsn-protein-crisp-salted-toffee-pretzel,프로틴 크리스프 단백질바 (솔티드 토피 프레첼),비에스엔,bar,https://link.coupang.com/a/fg1UR5U9rU,,,proteinlab,PENDING,Existing Coupang URL is not confirmed as ProteinLab-only. Enter a newly issued ProteinLab link.
calobye-daily-nuts-proteinbar,하루견과 단백질바,칼로바이,bar,https://link.coupang.com/a/fg2udlaKLQ,,,proteinlab,PENDING,Existing Coupang URL is not confirmed as ProteinLab-only. Enter a newly issued ProteinLab link.
calobye-perfect-powershake-choco-250,퍼펙트 파워쉐이크 (초코맛),칼로바이,drink,https://link.coupang.com/a/e8Of4ixslg,,,proteinlab,PENDING,Existing Coupang URL is not confirmed as ProteinLab-only. Enter a newly issued ProteinLab link.
calobye-perfect-powershake-strawberry-250,퍼펙트 파워쉐이크 (딸기맛),칼로바이,drink,https://link.coupang.com/a/e8ObH2oJwq,,,proteinlab,PENDING,Existing Coupang URL is not confirmed as ProteinLab-only. Enter a newly issued ProteinLab link.
calobye-sparkling-grape-340,프로틴 스파클링 (포도),칼로바이,drink,https://link.coupang.com/a/e8Ng7euJa0,,,proteinlab,PENDING,Existing Coupang URL is not confirmed as ProteinLab-only. Enter a newly issued ProteinLab link.
calobye-sparkling-pinkgrapefruit-340,프로틴 스파클링 (핑크자몽),칼로바이,drink,https://link.coupang.com/a/e8NiwzgGZg,,,proteinlab,PENDING,Existing Coupang URL is not confirmed as ProteinLab-only. Enter a newly issued ProteinLab link.
cralo-79-corn-yogurt-bar-25,79 콘요구르트바 300g,씨알로,bar,https://link.coupang.com/a/fg2LkxujmK,,,proteinlab,PENDING,Existing Coupang URL is not confirmed as ProteinLab-only. Enter a newly issued ProteinLab link.
cralo-plant-proteinbar,식물성단백질바,씨알로,bar,https://www.coupang.com/vp/products/6204369926?itemId=12329742710&vendorItemId=92437079941&q=%EC%94%A8%EC%95%8C%EB%A1%9C+%EC%8B%9D%EB%AC%BC%EC%84%B1%EB%8B%A8%EB%B0%B1%EC%A7%88%EB%B0%94&searchId=61f0177e910252&sourceType=search&itemsCount=36&searchRank=0&rank=0&traceId=mmyl8rat,,,proteinlab,PENDING,Existing Coupang URL is not confirmed as ProteinLab-only. Enter a newly issued ProteinLab link.
crown-highprotein-chocobar,고단백질초코바,크라운,bar,,,,proteinlab,PENDING,No existing Coupang URL. Enter a newly issued ProteinLab link.
cruntin-proteinshake-choco-is-back-crunchball-50,단백질 쉐이크 (초코이즈백 크런치볼),크런틴,shake,https://link.coupang.com/a/fg0VRGOhOu,,,proteinlab,PENDING,Existing Coupang URL is not confirmed as ProteinLab-only. Enter a newly issued ProteinLab link.
cruntin-proteinshake-cornflaky-55,단백질 쉐이크 (콘플레이키),크런틴,shake,https://link.coupang.com/a/fg0WuBg6iO,,,proteinlab,PENDING,Existing Coupang URL is not confirmed as ProteinLab-only. Enter a newly issued ProteinLab link.
cruntin-proteinshake-matcha-crush-crunchball-50,단백질 쉐이크 (말차크러쉬 크런치볼),크런틴,shake,https://link.coupang.com/a/fg0UithvQi,,,proteinlab,PENDING,Existing Coupang URL is not confirmed as ProteinLab-only. Enter a newly issued ProteinLab link.
cruntin-proteinshake-ogoknola-50,단백질 쉐이크 (오곡놀라),크런틴,shake,https://link.coupang.com/a/fg0U7LcoVg,,,proteinlab,PENDING,Existing Coupang URL is not confirmed as ProteinLab-only. Enter a newly issued ProteinLab link.
danbaek-balance-original-190,더단백 밸런스 (오리지널),더단백,drink,https://link.coupang.com/a/e8NJCn0h5M,,,proteinlab,PENDING,Existing Coupang URL is not confirmed as ProteinLab-only. Enter a newly issued ProteinLab link.
danbaek-drink-banana-250,더단백 드링크 (바나나),더단백,drink,https://link.coupang.com/a/e8Ns5uFrgG,,,proteinlab,PENDING,Existing Coupang URL is not confirmed as ProteinLab-only. Enter a newly issued ProteinLab link.
danbaek-drink-caramel-250,더단백 드링크 (카라멜),더단백,drink,https://link.coupang.com/a/e8NHwDyU6S,,,proteinlab,PENDING,Existing Coupang URL is not confirmed as ProteinLab-only. Enter a newly issued ProteinLab link.
danbaek-drink-chocolate-250,더단백 드링크 (초콜릿),더단백,drink,https://link.coupang.com/a/e8ND9sDGrk,,,proteinlab,PENDING,Existing Coupang URL is not confirmed as ProteinLab-only. Enter a newly issued ProteinLab link.
danbaek-drink-coffee-250,더단백 드링크 (커피),더단백,drink,https://link.coupang.com/a/e8MQn8PKHA,,,proteinlab,PENDING,Existing Coupang URL is not confirmed as ProteinLab-only. Enter a newly issued ProteinLab link.
danbaek-drink-darkchoco-330,더단백 드링크 (다크초코),더단백,drink,https://link.coupang.com/a/e8NIKcgHPE,,,proteinlab,PENDING,Existing Coupang URL is not confirmed as ProteinLab-only. Enter a newly issued ProteinLab link.
danbaek-drink-doublechoco-350,더단백 드링크 (더블초코),더단백,drink,https://link.coupang.com/a/e8NFQWBHjM,,,proteinlab,PENDING,Existing Coupang URL is not confirmed as ProteinLab-only. Enter a newly issued ProteinLab link.
danbaek-drink-melon-250,더단백 드링크 (멜론),더단백,drink,https://link.coupang.com/a/e8NEUjR8JE,,,proteinlab,PENDING,Existing Coupang URL is not confirmed as ProteinLab-only. Enter a newly issued ProteinLab link.
danbaek-drink-milktea-250,더단백 드링크 (밀크티),더단백,drink,https://link.coupang.com/a/e8NtIaGllQ,,,proteinlab,PENDING,Existing Coupang URL is not confirmed as ProteinLab-only. Enter a newly issued ProteinLab link.
danbaek-drink-mintchoco-250,더단백 드링크 (민트초코),더단백,drink,https://link.coupang.com/a/e8NIaXb6iG,,,proteinlab,PENDING,Existing Coupang URL is not confirmed as ProteinLab-only. Enter a newly issued ProteinLab link.
danbaek-drink-strawberry-250,더단백 드링크 (딸기),더단백,drink,https://link.coupang.com/a/e8Nuhh7aGi,,,proteinlab,PENDING,Existing Coupang URL is not confirmed as ProteinLab-only. Enter a newly issued ProteinLab link.
danbaek-water-apple-400,더단백 워터 프로틴 (청사과),더단백,drink,https://link.coupang.com/a/e8MTsQ0m04,,,proteinlab,PENDING,Existing Coupang URL is not confirmed as ProteinLab-only. Enter a newly issued ProteinLab link.
danbaek-water-grapefruit-400,더단백 워터 프로틴 (백자몽),더단백,drink,https://link.coupang.com/a/e8Onj7R6FE,,,proteinlab,PENDING,Existing Coupang URL is not confirmed as ProteinLab-only. Enter a newly issued ProteinLab link.
danbaek-water-peach-250,더단백 워터 프로틴 (복숭아),더단백,drink,https://link.coupang.com/a/e8MWnNZ4yy,,,proteinlab,PENDING,Existing Coupang URL is not confirmed as ProteinLab-only. Enter a newly issued ProteinLab link.
danbaekhani-protein-bar-berry-30,프로틴바 (베리),단백하니,bar,https://www.coupang.com/vp/products/8802155167?itemId=26192923642&vendorItemId=93172255273&q=%EB%8B%A8%EB%B0%B1%ED%95%98%EB%8B%88+%ED%94%84%EB%A1%9C%ED%8B%B4%EB%B0%94+%28%EB%B2%A0%EB%A6%AC%29&searchId=2540a897729015&sourceType=search&itemsCount=36&searchRank=0&rank=0&traceId=mmyl9t83,,,proteinlab,PENDING,Existing Coupang URL is not confirmed as ProteinLab-only. Enter a newly issued ProteinLab link.
danbaekhani-protein-bar-choco-38,프로틴바 (초코),단백하니,bar,https://www.coupang.com/vp/products/8802152487?itemId=25631675250&vendorItemId=92621811720&q=%EB%8B%A8%EB%B0%B1%ED%95%98%EB%8B%88%20%ED%94%84%EB%A1%9C%ED%8B%B4%EB%B0%94%20(%EC%B4%88%EC%BD%94)&searchId=b7e3ca38724376&sourceType=search&itemsCount=36&searchRank=0&rank=0&traceId=mmyla392,,,proteinlab,PENDING,Existing Coupang URL is not confirmed as ProteinLab-only. Enter a newly issued ProteinLab link.
danbaekhani-protein-bar-matcha-choco-38,프로틴바 (말차초코),단백하니,bar,https://www.coupang.com/vp/products/9238581579?itemId=27316846673&vendorItemId=94995221455,,,proteinlab,PENDING,Existing Coupang URL is not confirmed as ProteinLab-only. Enter a newly issued ProteinLab link.
danbaekhani-protein-bar-peanutbutter-38,프로틴바 (피넛버터),단백하니,bar,https://www.coupang.com/vp/products/9183196271?itemId=27283149526&vendorItemId=94249810713,,,proteinlab,PENDING,Existing Coupang URL is not confirmed as ProteinLab-only. Enter a newly issued ProteinLab link.
danbaekhani-protein-bar-signature-31,프로틴바 시그니처,단백하니,bar,https://www.coupang.com/vp/products/8802146213?itemId=25631627100&vendorItemId=92621759636&q=%EB%8B%A8%EB%B0%B1%ED%95%98%EB%8B%88+%ED%94%84%EB%A1%9C%ED%8B%B4%EB%B0%94+%EC%8B%9C%EA%B7%B8%EB%8B%88%EC%B2%98&searchId=eed4cf69728656&sourceType=search&itemsCount=36&searchRank=0&rank=0&traceId=mmylbilt,,,proteinlab,PENDING,Existing Coupang URL is not confirmed as ProteinLab-only. Enter a newly issued ProteinLab link.
danbaekhani-proteinshake-choco-40,단백질 쉐이크 (초코),단백하니,shake,https://link.coupang.com/a/fgZRywLx2y,,,proteinlab,PENDING,Existing Coupang URL is not confirmed as ProteinLab-only. Enter a newly issued ProteinLab link.
danbaekhani-proteinshake-matcha-40,단백질 쉐이크 (말차),단백하니,shake,https://link.coupang.com/a/fgZYOy9jIi,,,proteinlab,PENDING,Existing Coupang URL is not confirmed as ProteinLab-only. Enter a newly issued ProteinLab link.
danbaekhani-proteinshake-signature-40,단백질 쉐이크 (시그니처),단백하니,shake,https://link.coupang.com/a/fgZOnjeVTo,,,proteinlab,PENDING,Existing Coupang URL is not confirmed as ProteinLab-only. Enter a newly issued ProteinLab link.
denmark-high-greek-400,덴마크 하이 그릭요거트 400g,덴마크,yogurt,https://www.coupang.com/vp/products/8564152398?itemId=24810245578&vendorItemId=91817799894&q=%EB%8D%B4%EB%A7%88%ED%81%AC+%ED%95%98%EC%9D%B4+%EA%B7%B8%EB%A6%AD%EC%9A%94%EA%B1%B0%ED%8A%B8+400g&searchId=54b4925d9456206&sourceType=search&itemsCount=36&searchRank=1&rank=1&traceId=mnpsf9r1,,,proteinlab,PENDING,Existing Coupang URL is not confirmed as ProteinLab-only. Enter a newly issued ProteinLab link.
dryou-protein-40g-choco-350,프로 단백질 드링크 40g (초콜릿),닥터유,drink,https://link.coupang.com/a/e8N1PdSBm8,,,proteinlab,PENDING,Existing Coupang URL is not confirmed as ProteinLab-only. Enter a newly issued ProteinLab link.
dryou-protein-40g-strawberry-350,프로 단백질 드링크 40g (딸기),닥터유,drink,https://link.coupang.com/a/e8NWXltLK8,,,proteinlab,PENDING,Existing Coupang URL is not confirmed as ProteinLab-only. Enter a newly issued ProteinLab link.
dryou-protein-drink-banana-250,프로 단백질 드링크 (바나나),닥터유,drink,https://link.coupang.com/a/e8NRVkh6jI,,,proteinlab,PENDING,Existing Coupang URL is not confirmed as ProteinLab-only. Enter a newly issued ProteinLab link.
dryou-protein-drink-choco-250,프로 단백질 드링크 (초콜릿),닥터유,drink,https://link.coupang.com/a/e8NGVr8vS0,,,proteinlab,PENDING,Existing Coupang URL is not confirmed as ProteinLab-only. Enter a newly issued ProteinLab link.
dryou-protein-drink-strawberry-250,프로 단백질 드링크 (딸기),닥터유,drink,https://link.coupang.com/a/e8NV4bkXvM,,,proteinlab,PENDING,Existing Coupang URL is not confirmed as ProteinLab-only. Enter a newly issued ProteinLab link.
dryou-proteinbar-bite-crunch,프로 단백질바 한입쏙 (크런치),닥터유,bar,https://link.coupang.com/a/fg2gnglJZY,,,proteinlab,PENDING,Existing Coupang URL is not confirmed as ProteinLab-only. Enter a newly issued ProteinLab link.
dryou-proteinbar-mini-nuts,단백질바 미니 (견과),닥터유,bar,https://link.coupang.com/a/fg2zh5XV9w,,,proteinlab,PENDING,Existing Coupang URL is not confirmed as ProteinLab-only. Enter a newly issued ProteinLab link.
dryou-proteinbar-nuts,단백질바 (견과),닥터유,bar,https://link.coupang.com/a/fg2gS63kyG,,,proteinlab,PENDING,Existing Coupang URL is not confirmed as ProteinLab-only. Enter a newly issued ProteinLab link.
dryou-proteinbar-pro-3nuts-crunch,프로 단백질바 (3넛츠 크런치),닥터유,bar,https://link.coupang.com/a/fg1IDrJsAu,,,proteinlab,PENDING,Existing Coupang URL is not confirmed as ProteinLab-only. Enter a newly issued ProteinLab link.
dryou-proteinbar-pro-bite-choco-classic,프로 단백질바 한입쏙 (초코 클래식),닥터유,bar,https://link.coupang.com/a/fg2ioKPOi4,,,proteinlab,PENDING,Existing Coupang URL is not confirmed as ProteinLab-only. Enter a newly issued ProteinLab link.
dryou-proteinbar-pro-choco-classic,프로 단백질바 (초코 클래식),닥터유,bar,https://link.coupang.com/a/fg1JsDzqWy,,,proteinlab,PENDING,Existing Coupang URL is not confirmed as ProteinLab-only. Enter a newly issued ProteinLab link.
dryou-proteinbar-pro-crunch,프로 단백질바 (크런치),닥터유,bar,https://link.coupang.com/a/fg1Kf9RGzA,,,proteinlab,PENDING,Existing Coupang URL is not confirmed as ProteinLab-only. Enter a newly issued ProteinLab link.
flymill-proteinshake-banana-45,단백질 쉐이크 (바나나),플라이밀,shake,https://link.coupang.com/a/fgZPvO8Lg4,,,proteinlab,PENDING,Existing Coupang URL is not confirmed as ProteinLab-only. Enter a newly issued ProteinLab link.
flymill-proteinshake-black-45,단백질 쉐이크 (블랙),플라이밀,shake,https://link.coupang.com/a/fg0tbfUNS8,,,proteinlab,PENDING,Existing Coupang URL is not confirmed as ProteinLab-only. Enter a newly issued ProteinLab link.
flymill-proteinshake-brown-45,단백질 쉐이크 (브라운),플라이밀,shake,https://link.coupang.com/a/fg0sn4mMwu,,,proteinlab,PENDING,Existing Coupang URL is not confirmed as ProteinLab-only. Enter a newly issued ProteinLab link.
flymill-proteinshake-choco-45,단백질 쉐이크 (초코),플라이밀,shake,https://link.coupang.com/a/fgZKPZdcoC,,,proteinlab,PENDING,Existing Coupang URL is not confirmed as ProteinLab-only. Enter a newly issued ProteinLab link.
flymill-proteinshake-cookie-cream-45,단백질 쉐이크 (쿠키앤크림),플라이밀,shake,https://link.coupang.com/a/fg0MWQ1hf2,,,proteinlab,PENDING,Existing Coupang URL is not confirmed as ProteinLab-only. Enter a newly issued ProteinLab link.
flymill-proteinshake-corn-cereal-45,단백질 쉐이크 (콘시리얼),플라이밀,shake,https://link.coupang.com/a/fg0tKH4taK,,,proteinlab,PENDING,Existing Coupang URL is not confirmed as ProteinLab-only. Enter a newly issued ProteinLab link.
flymill-proteinshake-dolce-latte-45,단백질 쉐이크 (돌체라떼),플라이밀,shake,https://link.coupang.com/a/fg0qTfaFhI,,,proteinlab,PENDING,Existing Coupang URL is not confirmed as ProteinLab-only. Enter a newly issued ProteinLab link.
flymill-proteinshake-goguma-45,단백질 쉐이크 (고구마),플라이밀,shake,https://link.coupang.com/a/fgZZyAikrA,,,proteinlab,PENDING,Existing Coupang URL is not confirmed as ProteinLab-only. Enter a newly issued ProteinLab link.
flymill-proteinshake-green-45,단백질 쉐이크 (그린),플라이밀,shake,https://link.coupang.com/a/fg0qlV8R0m,,,proteinlab,PENDING,Existing Coupang URL is not confirmed as ProteinLab-only. Enter a newly issued ProteinLab link.
flymill-proteinshake-milk-tea-45,단백질 쉐이크 (밀크티),플라이밀,shake,https://link.coupang.com/a/fg0rslbCqi,,,proteinlab,PENDING,Existing Coupang URL is not confirmed as ProteinLab-only. Enter a newly issued ProteinLab link.
flymill-proteinshake-peanut-butter-45,단백질 쉐이크 (피넛버터),플라이밀,shake,https://link.coupang.com/a/fg0NOSdSKW,,,proteinlab,PENDING,Existing Coupang URL is not confirmed as ProteinLab-only. Enter a newly issued ProteinLab link.
flymill-proteinshake-pistachio-45,단백질 쉐이크 (피스타치오),플라이밀,shake,https://link.coupang.com/a/fg0OwfAlq0,,,proteinlab,PENDING,Existing Coupang URL is not confirmed as ProteinLab-only. Enter a newly issued ProteinLab link.
flymill-proteinshake-strawberry-45,단백질 쉐이크 (딸기),플라이밀,shake,https://link.coupang.com/a/fgZSGxN5fU,,,proteinlab,PENDING,Existing Coupang URL is not confirmed as ProteinLab-only. Enter a newly issued ProteinLab link.
fromit-proteinshake-blueberry-greek-yogurt-45,단백질 쉐이크 (블루베리그릭요거트),프롬잇,shake,https://link.coupang.com/a/fg0SpJPi1c,,,proteinlab,PENDING,Existing Coupang URL is not confirmed as ProteinLab-only. Enter a newly issued ProteinLab link.
fromit-proteinshake-choco-45,단백질 쉐이크 (초코),프롬잇,shake,https://link.coupang.com/a/fg0TCQqNRA,,,proteinlab,PENDING,Existing Coupang URL is not confirmed as ProteinLab-only. Enter a newly issued ProteinLab link.
fromit-proteinshake-grain-black-sesame-45,단백질 쉐이크 (곡물흑임자),프롬잇,shake,https://link.coupang.com/a/fg0S0oBXJ6,,,proteinlab,PENDING,Existing Coupang URL is not confirmed as ProteinLab-only. Enter a newly issued ProteinLab link.
gomgom-proteinbar-50,단백질바 50g,곰곰,bar,https://link.coupang.com/a/fg2HvwlIt2,,,proteinlab,PENDING,Existing Coupang URL is not confirmed as ProteinLab-only. Enter a newly issued ProteinLab link.
gomgom-proteinbar-mini,단백질바 미니,곰곰,bar,https://link.coupang.com/a/fg2BkG9d3k,,,proteinlab,PENDING,Existing Coupang URL is not confirmed as ProteinLab-only. Enter a newly issued ProteinLab link.
greekday-light-100,그릭데이 그릭요거트 라이트 100g,그릭데이,yogurt,https://www.coupang.com/vp/products/5463245073?itemId=8368941696&vendorItemId=75656677392&pickType=COU_PICK&q=%EA%B7%B8%EB%A6%AD%EB%8D%B0%EC%9D%B4+%EA%B7%B8%EB%A6%AD%EC%9A%94%EA%B1%B0%ED%8A%B8+%EB%9D%BC%EC%9D%B4%ED%8A%B8+100g&searchId=a32ff01c2611509&sourceType=search&itemsCount=36&searchRank=1&rank=1&traceId=mmyvga5p,,,proteinlab,PENDING,Existing Coupang URL is not confirmed as ProteinLab-only. Enter a newly issued ProteinLab link.
greekday-light-450,그릭데이 그릭요거트 라이트 450g,그릭데이,yogurt,https://www.coupang.com/vp/products/7798461431?itemId=14628773109&vendorItemId=77964863727&q=%EA%B7%B8%EB%A6%AD%EB%8D%B0%EC%9D%B4+%EA%B7%B8%EB%A6%AD%EC%9A%94%EA%B1%B0%ED%8A%B8+%EB%9D%BC%EC%9D%B4%ED%8A%B8+450g&searchId=629eecae4527260&sourceType=search&itemsCount=36&searchRank=1&rank=1&traceId=mmyvgka9,,,proteinlab,PENDING,Existing Coupang URL is not confirmed as ProteinLab-only. Enter a newly issued ProteinLab link.
greekday-light-800,그릭데이 그릭요거트 라이트 800g,그릭데이,yogurt,https://www.coupang.com/vp/products/5463245073?itemId=17468368446&vendorItemId=84636080357&pickType=COU_PICK&q=그릭데이%20그릭요거트%20라이트%20800g&searchId=47cc4c794547067&sourceType=search&itemsCount=36&searchRank=1&rank=1&traceId=mmyvgruo,,,proteinlab,PENDING,Existing Coupang URL is not confirmed as ProteinLab-only. Enter a newly issued ProteinLab link.
greekday-signature-100,그릭데이 그릭요거트 시그니처 100g,그릭데이,yogurt,https://www.coupang.com/vp/products/5463245022?itemId=19225411927&vendorItemId=86342060152&q=그릭데이%20그릭요거트%20시그니처%20100g&searchId=b6f0a23c4529549&sourceType=search&itemsCount=36&searchRank=2&rank=2&traceId=mmyvh19u,,,proteinlab,PENDING,Existing Coupang URL is not confirmed as ProteinLab-only. Enter a newly issued ProteinLab link.
greekday-signature-450,그릭데이 그릭요거트 시그니처 450g,그릭데이,yogurt,https://www.coupang.com/vp/products/5463245022?itemId=17894188425&vendorItemId=85057078619&pickType=COU_PICK&q=%EA%B7%B8%EB%A6%AD%EB%8D%B0%EC%9D%B4+%EA%B7%B8%EB%A6%AD%EC%9A%94%EA%B1%B0%ED%8A%B8+%EC%8B%9C%EA%B7%B8%EB%8B%88%EC%B2%98+450g&searchId=c27b29624552625&sourceType=search&itemsCount=36&searchRank=0&rank=0,,,proteinlab,PENDING,Existing Coupang URL is not confirmed as ProteinLab-only. Enter a newly issued ProteinLab link.
greekday-signature-800,그릭데이 그릭요거트 시그니처 800g,그릭데이,yogurt,https://www.coupang.com/vp/products/5463245022?itemId=17468368450&vendorItemId=84636080373&pickType=COU_PICK&q=그릭데이%20그릭요거트%20시그니처%20800g&searchId=5cad5da44557131&sourceType=search&itemsCount=36&searchRank=0&rank=0&traceId=mmyvhpbw,,,proteinlab,PENDING,Existing Coupang URL is not confirmed as ProteinLab-only. Enter a newly issued ProteinLab link.
greekday-signature-yuja-100,그릭데이 시그니처 유자 100g,그릭데이,yogurt,https://www.coupang.com/vp/products/8778213677?itemId=25691946275&vendorItemId=92681114018&q=그릭데이%20시그니처%20유자%20100g&searchId=7d6a64fd4558119&sourceType=search&itemsCount=36&searchRank=0&rank=0&traceId=mmyvhxrr,,,proteinlab,PENDING,Existing Coupang URL is not confirmed as ProteinLab-only. Enter a newly issued ProteinLab link.
greenbia-proteinmeal-active-almond-walnut-250,프로틴밀 액티브 (아몬드&호두),그린비아,drink,https://link.coupang.com/a/e8NNfGEGCi,,,proteinlab,PENDING,Existing Coupang URL is not confirmed as ProteinLab-only. Enter a newly issued ProteinLab link.
greenbia-proteinmeal-active-choco-250,프로틴밀 액티브 (초콜릿),그린비아,drink,https://link.coupang.com/a/e8NMGCWd0C,,,proteinlab,PENDING,Existing Coupang URL is not confirmed as ProteinLab-only. Enter a newly issued ProteinLab link.
hamsoa-minions-proteinact-choco-330,미니언즈 프로틴액트 (초콜릿),함소아제약,drink,https://link.coupang.com/a/e8OgPckiOc,,,proteinlab,PENDING,Existing Coupang URL is not confirmed as ProteinLab-only. Enter a newly issued ProteinLab link.
harim-chicken-protein-savory-240,닭가슴살 프로틴 (고소한맛),하림,drink,https://link.coupang.com/a/e8MEah671E,,,proteinlab,PENDING,Existing Coupang URL is not confirmed as ProteinLab-only. Enter a newly issued ProteinLab link.
himnaego-protein-bar-dark-chocolate-50,단백질바 (다크 초콜릿),힘내고,bar,https://www.coupang.com/vp/products/7714630927?itemId=20688361215&vendorItemId=87999990294&q=%ED%9E%98%EB%82%B4%EA%B3%A0+%EB%8B%A8%EC%A7%88%EB%B0%94+%28%EB%8B%A4%ED%81%AC+%EC%B4%88%EC%BD%9C%EB%A6%BF%29&searchId=c449fd41844298&sourceType=search&itemsCount=36&searchRank=15&rank=15&traceId=mmylluzq,,,proteinlab,PENDING,Existing Coupang URL is not confirmed as ProteinLab-only. Enter a newly issued ProteinLab link.
hyindam-ttukttak-shake-choco-protein-60,뚝딱쉐이크 (초코프로틴),혜인담,shake,https://link.coupang.com/a/fg0Fy0UMlU,,,proteinlab,PENDING,Existing Coupang URL is not confirmed as ProteinLab-only. Enter a newly issued ProteinLab link.
hyindam-ttukttak-shake-original-60,뚝딱쉐이크 (오리지널),혜인담,shake,https://link.coupang.com/a/fg0zXcoCWG,,,proteinlab,PENDING,Existing Coupang URL is not confirmed as ProteinLab-only. Enter a newly issued ProteinLab link.
hyindam-ttukttak-shake-ppong-latte-50,뚝딱쉐이크 (퐁라떼맛),혜인담,shake,https://link.coupang.com/a/fg0F6DdMHY,,,proteinlab,PENDING,Existing Coupang URL is not confirmed as ProteinLab-only. Enter a newly issued ProteinLab link.
hyindam-ttukttak-shake-seoritae-60,뚝딱쉐이크 (서리태),혜인담,shake,https://link.coupang.com/a/fg0EQi5NbU,,,proteinlab,PENDING,Existing Coupang URL is not confirmed as ProteinLab-only. Enter a newly issued ProteinLab link.
hymune-activebar-nuts,액티브바 (넛츠),하이뮨,bar,https://link.coupang.com/a/fg2cJ4hoZg,,,proteinlab,PENDING,Existing Coupang URL is not confirmed as ProteinLab-only. Enter a newly issued ProteinLab link.
hymune-balance-active-banana-250,프로틴 밸런스 액티브 (바나나),하이뮨,drink,https://link.coupang.com/a/e8NQXQ2KFE,,,proteinlab,PENDING,Existing Coupang URL is not confirmed as ProteinLab-only. Enter a newly issued ProteinLab link.
hymune-balance-active-cookie-cream-250,프로틴 밸런스 액티브 (쿠키앤크림),하이뮨,drink,https://link.coupang.com/a/e8N2oc3tTM,,,proteinlab,PENDING,Existing Coupang URL is not confirmed as ProteinLab-only. Enter a newly issued ProteinLab link.
hymune-balance-active-darkchoco-330,프로틴 밸런스 액티브 (다크초코),하이뮨,drink,https://link.coupang.com/a/e8MZdFDFvg,,,proteinlab,PENDING,Existing Coupang URL is not confirmed as ProteinLab-only. Enter a newly issued ProteinLab link.
hymune-balance-active-deepchoco-250,프로틴 밸런스 액티브 (딥초코),하이뮨,drink,https://link.coupang.com/a/e8MW0aWHVA,,,proteinlab,PENDING,Existing Coupang URL is not confirmed as ProteinLab-only. Enter a newly issued ProteinLab link.
hymune-balance-active-double-shot-coffee-250,프로틴 밸런스 액티브 (더블샷 커피),하이뮨,drink,https://link.coupang.com/a/e8Nce1m3BQ,,,proteinlab,PENDING,Existing Coupang URL is not confirmed as ProteinLab-only. Enter a newly issued ProteinLab link.
hymune-balance-active-milkshake-deepchoco-250,프로틴 밸런스 액티브 (밀크쉐이크),하이뮨,drink,https://link.coupang.com/a/e8MVlhWS1Q,,,proteinlab,PENDING,Existing Coupang URL is not confirmed as ProteinLab-only. Enter a newly issued ProteinLab link.
hymune-balance-active-night-tiramisu-zero-250,프로틴 밸런스 액티브 (밤티라미수),하이뮨,drink,https://link.coupang.com/a/e8NagPSQsm,,,proteinlab,PENDING,Existing Coupang URL is not confirmed as ProteinLab-only. Enter a newly issued ProteinLab link.
hymune-balance-active-original-250,프로틴 밸런스 액티브 (오리지널),하이뮨,drink,https://link.coupang.com/a/e8NY4Oy9YW,,,proteinlab,PENDING,Existing Coupang URL is not confirmed as ProteinLab-only. Enter a newly issued ProteinLab link.
hymune-balance-active-plant-protein-250,프로틴 밸런스 액티브 (식물성 단백질),하이뮨,drink,https://link.coupang.com/a/e8NsswvP5w,,,proteinlab,PENDING,Existing Coupang URL is not confirmed as ProteinLab-only. Enter a newly issued ProteinLab link.
hymune-balance-active-strawberry-250,프로틴 밸런스 액티브 (딸기),하이뮨,drink,https://link.coupang.com/a/e8N6jH4Nrw,,,proteinlab,PENDING,Existing Coupang URL is not confirmed as ProteinLab-only. Enter a newly issued ProteinLab link.
hymune-balance-active-vanilla-bonbon-zero-250,프로틴 밸런스 액티브 (바닐라봉봉),하이뮨,drink,https://link.coupang.com/a/e8NbnRyykK,,,proteinlab,PENDING,Existing Coupang URL is not confirmed as ProteinLab-only. Enter a newly issued ProteinLab link.
hymune-protein-balance-190,프로틴 밸런스 (오리지널),하이뮨,drink,https://link.coupang.com/a/e8Ojnox1Q4,,,proteinlab,PENDING,Existing Coupang URL is not confirmed as ProteinLab-only. Enter a newly issued ProteinLab link.
hymune-protein-balance-bar,프로틴밸런스 단백질바,하이뮨,bar,https://link.coupang.com/a/fg2EKN2Ykm,,,proteinlab,PENDING,Existing Coupang URL is not confirmed as ProteinLab-only. Enter a newly issued ProteinLab link.
hymune-protein-balance-black-sesame-190,프로틴 밸런스 (흑임자),하이뮨,drink,https://link.coupang.com/a/e8OliFJOpM,,,proteinlab,PENDING,Existing Coupang URL is not confirmed as ProteinLab-only. Enter a newly issued ProteinLab link.
hymune-protein-balance-choco-190,프로틴 밸런스 (초콜릿),하이뮨,drink,https://link.coupang.com/a/e8N8qMKNWe,,,proteinlab,PENDING,Existing Coupang URL is not confirmed as ProteinLab-only. Enter a newly issued ProteinLab link.
hymune-protein-balance-lowsugar-190,프로틴 밸런스 (저당),하이뮨,drink,https://link.coupang.com/a/e8N09qfy5A,,,proteinlab,PENDING,Existing Coupang URL is not confirmed as ProteinLab-only. Enter a newly issued ProteinLab link.
hymune-protein-balance-plant-highprotein-190,프로틴 밸런스 (식물성 고단백),하이뮨,drink,https://link.coupang.com/a/e8NrCG2wiO,,,proteinlab,PENDING,Existing Coupang URL is not confirmed as ProteinLab-only. Enter a newly issued ProteinLab link.
hymune-protein-balance-plus-190,프로틴 밸런스 (플러스),하이뮨,drink,https://link.coupang.com/a/e8OmBEPL2G,,,proteinlab,PENDING,Existing Coupang URL is not confirmed as ProteinLab-only. Enter a newly issued ProteinLab link.
hymune-ultra-400,하이뮨 울트라,하이뮨,drink,https://link.coupang.com/a/e8M0byZ67g,,,proteinlab,PENDING,Existing Coupang URL is not confirmed as ProteinLab-only. Enter a newly issued ProteinLab link.
itthefit-proteinshake-banana-40,단백질 쉐이크 (바나나),잇더핏,shake,https://link.coupang.com/a/fg0Mny6Gqq,,,proteinlab,PENDING,Existing Coupang URL is not confirmed as ProteinLab-only. Enter a newly issued ProteinLab link.
itthefit-proteinshake-black-sesame-40,단백질 쉐이크 (흑임자),잇더핏,shake,https://link.coupang.com/a/fg0kruMYKq,,,proteinlab,PENDING,Existing Coupang URL is not confirmed as ProteinLab-only. Enter a newly issued ProteinLab link.
itthefit-proteinshake-cafe-latte-40,단백질 쉐이크 (카페라떼),잇더핏,shake,https://link.coupang.com/a/fg0egqxKqi,,,proteinlab,PENDING,Existing Coupang URL is not confirmed as ProteinLab-only. Enter a newly issued ProteinLab link.
itthefit-proteinshake-cookie-cream-40,단백질 쉐이크 (쿠키앤크림),잇더핏,shake,https://link.coupang.com/a/fg0eWBfHTo,,,proteinlab,PENDING,Existing Coupang URL is not confirmed as ProteinLab-only. Enter a newly issued ProteinLab link.
itthefit-proteinshake-corn-40,단백질 쉐이크 (옥수수),잇더핏,shake,https://link.coupang.com/a/fg0nJGCFZQ,,,proteinlab,PENDING,Existing Coupang URL is not confirmed as ProteinLab-only. Enter a newly issued ProteinLab link.
itthefit-proteinshake-double-choco-40,단백질 쉐이크 (더블초코),잇더핏,shake,https://link.coupang.com/a/fgZ6z4vTJA,,,proteinlab,PENDING,Existing Coupang URL is not confirmed as ProteinLab-only. Enter a newly issued ProteinLab link.
itthefit-proteinshake-goguma-40,단백질 쉐이크 (고구마),잇더핏,shake,https://link.coupang.com/a/fg0mtHrYzc,,,proteinlab,PENDING,Existing Coupang URL is not confirmed as ProteinLab-only. Enter a newly issued ProteinLab link.
itthefit-proteinshake-green-tea-latte-40,단백질 쉐이크 (녹차라떼),잇더핏,shake,https://link.coupang.com/a/fg0wtSetmm,,,proteinlab,PENDING,Existing Coupang URL is not confirmed as ProteinLab-only. Enter a newly issued ProteinLab link.
itthefit-proteinshake-misugaru-40,단백질 쉐이크 (미숫가루),잇더핏,shake,https://link.coupang.com/a/fg0m4YjUf6,,,proteinlab,PENDING,Existing Coupang URL is not confirmed as ProteinLab-only. Enter a newly issued ProteinLab link.
kellogg-protein-granolabar-savory,프로틴 그래놀라바 (고소한맛),켈로그,bar,,,,proteinlab,PENDING,No existing Coupang URL. Enter a newly issued ProteinLab link.
kellogg-proteinbark-caramel-nuts,프로틴바K (카라멜&넛),켈로그,bar,https://link.coupang.com/a/fg2yp1YmTk,,,proteinlab,PENDING,Existing Coupang URL is not confirmed as ProteinLab-only. Enter a newly issued ProteinLab link.
kellogg-proteinbark-hazelnut-darkchoco,프로틴바K (헤이즐넛&다크초코),켈로그,bar,https://link.coupang.com/a/fg2yp1YmTk,,,proteinlab,PENDING,Existing Coupang URL is not confirmed as ProteinLab-only. Enter a newly issued ProteinLab link.
kellogg-proteinbark-nuts,프로틴바K (견과),켈로그,bar,https://link.coupang.com/a/fg2vSunljo,,,proteinlab,PENDING,Existing Coupang URL is not confirmed as ProteinLab-only. Enter a newly issued ProteinLab link.
kirkland-greek-plain-907,커클랜드 그릭요거트 플레인 907g,커클랜드,yogurt,https://www.coupang.com/vp/products/249357928?itemId=27274528793&vendorItemId=94241241790&q=%EC%BB%A4%ED%81%B4%EB%9E%9C%EB%93%9C+%EA%B7%B8%EB%A6%AD%EC%9A%94%EA%B1%B0%ED%8A%B8+%ED%94%8C%EB%A0%88%EC%9D%B8+907g&searchId=3cb3be2510324097&sourceType=search&itemsCount=36&searchRank=2&rank=2&traceId=mnpsedw1,,,proteinlab,PENDING,Existing Coupang URL is not confirmed as ProteinLab-only. Enter a newly issued ProteinLab link.
kirkland-proteinbar-choco-brownie,프로틴바 초콜릿 브라우니,커클랜드,bar,https://link.coupang.com/a/fg1Lfdn0z6,,,proteinlab,PENDING,Existing Coupang URL is not confirmed as ProteinLab-only. Enter a newly issued ProteinLab link.
kirkland-proteinbar-choco-chip-cookie-dough-60,프로틴바 초코칩 쿠키도우,커클랜드,bar,https://link.coupang.com/a/fg1LOeuvnM,,,proteinlab,PENDING,Existing Coupang URL is not confirmed as ProteinLab-only. Enter a newly issued ProteinLab link.
kkobak-kobab-high-protein-low-sugar-black-sesame-40,단백질 쉐이크 고단저당 (흑임자),꼬박꼬밥,shake,https://link.coupang.com/a/fg0imqpzJA,,,proteinlab,PENDING,Existing Coupang URL is not confirmed as ProteinLab-only. Enter a newly issued ProteinLab link.
kkobak-kobab-high-protein-low-sugar-choco-40,단백질 쉐이크 고단저당 (초코),꼬박꼬밥,shake,https://link.coupang.com/a/fg0fwSmqdM,,,proteinlab,PENDING,Existing Coupang URL is not confirmed as ProteinLab-only. Enter a newly issued ProteinLab link.
kkobak-kobab-high-protein-low-sugar-coffee-40,단백질 쉐이크 고단저당 (커피),꼬박꼬밥,shake,https://link.coupang.com/a/fg0gc3KUWy,,,proteinlab,PENDING,Existing Coupang URL is not confirmed as ProteinLab-only. Enter a newly issued ProteinLab link.
kkobak-kobab-high-protein-low-sugar-jeju-matcha-40,단백질 쉐이크 고단저당 (제주 말차),꼬박꼬밥,shake,https://link.coupang.com/a/fg0g2prRQa,,,proteinlab,PENDING,Existing Coupang URL is not confirmed as ProteinLab-only. Enter a newly issued ProteinLab link.
kkobak-kobab-high-protein-low-sugar-misugaru-40,단백질 쉐이크 고단저당 (미숫가루),꼬박꼬밥,shake,https://link.coupang.com/a/fg0i47VrZR,,,proteinlab,PENDING,Existing Coupang URL is not confirmed as ProteinLab-only. Enter a newly issued ProteinLab link.
kkobak-kobab-high-protein-low-sugar-sweet-corn-40,단백질 쉐이크 고단저당 (스윗콘),꼬박꼬밥,shake,https://link.coupang.com/a/fg0hIgZXd6,,,proteinlab,PENDING,Existing Coupang URL is not confirmed as ProteinLab-only. Enter a newly issued ProteinLab link.
labnosh-cookiebar-blackcookie-35,단백쿠키바 블랙쿠키,랩노쉬,bar,https://link.coupang.com/a/fg2qdoyDpQ,,,proteinlab,PENDING,Existing Coupang URL is not confirmed as ProteinLab-only. Enter a newly issued ProteinLab link.
labnosh-cookiebar-cookie-cream-35,단백쿠키바 쿠키앤크림,랩노쉬,bar,https://link.coupang.com/a/fg2rPsrAhU,,,proteinlab,PENDING,Existing Coupang URL is not confirmed as ProteinLab-only. Enter a newly issued ProteinLab link.
labnosh-cookiebar-milktea-35,단백쿠키바 밀크티,랩노쉬,bar,https://link.coupang.com/a/fg2ra3wwpg,,,proteinlab,PENDING,Existing Coupang URL is not confirmed as ProteinLab-only. Enter a newly issued ProteinLab link.
labnosh-cookiebar-peanutbutter-35,단백쿠키바 피넛버터,랩노쉬,bar,https://link.coupang.com/a/fg2swO2kYS,,,proteinlab,PENDING,Existing Coupang URL is not confirmed as ProteinLab-only. Enter a newly issued ProteinLab link.
labnosh-foodbar-mildchoco,푸드바 마일드 초코,랩노쉬,bar,,,,proteinlab,PENDING,No existing Coupang URL. Enter a newly issued ProteinLab link.
labnosh-protein-banana-350,프로틴 드링크 (바나나),랩노쉬,drink,https://link.coupang.com/a/e8OcVmEF6i,,,proteinlab,PENDING,Existing Coupang URL is not confirmed as ProteinLab-only. Enter a newly issued ProteinLab link.
labnosh-protein-cacao-350,프로틴 드링크 (카카오),랩노쉬,drink,https://link.coupang.com/a/e8N9r5TH4K,,,proteinlab,PENDING,Existing Coupang URL is not confirmed as ProteinLab-only. Enter a newly issued ProteinLab link.
labnosh-protein-cookie-cream-350,프로틴 드링크 (쿠키앤크림),랩노쉬,drink,https://link.coupang.com/a/e8OdrSzRSu,,,proteinlab,PENDING,Existing Coupang URL is not confirmed as ProteinLab-only. Enter a newly issued ProteinLab link.
labnosh-protein-latte-350,프로틴 드링크 (라떼),랩노쉬,drink,https://link.coupang.com/a/e8N22hmvMO,,,proteinlab,PENDING,Existing Coupang URL is not confirmed as ProteinLab-only. Enter a newly issued ProteinLab link.
labnosh-protein-max-choco-400,프로틴 드링크 맥스 (초코),랩노쉬,drink,https://link.coupang.com/a/e8MFh5asjA,,,proteinlab,PENDING,Existing Coupang URL is not confirmed as ProteinLab-only. Enter a newly issued ProteinLab link.
labnosh-protein-max-strawberry-400,프로틴 드링크 맥스 (딸기),랩노쉬,drink,https://link.coupang.com/a/e8MF9zHF5o,,,proteinlab,PENDING,Existing Coupang URL is not confirmed as ProteinLab-only. Enter a newly issued ProteinLab link.
labnosh-protein-melon-350,프로틴 드링크 (메론),랩노쉬,drink,https://www.coupang.com/vp/products/7977620460?itemId=22122632755&vendorItemId=90043603950&q=프로틴%20프로틴%20드링크%20(메론)&searchId=6e5e3ccf3398578&sourceType=search&itemsCount=36&searchRank=3&rank=3&traceId=mmybdfxa,,,proteinlab,PENDING,Existing Coupang URL is not confirmed as ProteinLab-only. Enter a newly issued ProteinLab link.
labnosh-protein-perfect-banana-350,프로틴 드링크 퍼펙트 (바나나),랩노쉬,drink,https://link.coupang.com/a/e8Ofu8wiqW,,,proteinlab,PENDING,Existing Coupang URL is not confirmed as ProteinLab-only. Enter a newly issued ProteinLab link.
labnosh-protein-perfect-choco-350,프로틴 드링크 퍼펙트 (초코),랩노쉬,drink,https://link.coupang.com/a/e8Oe0kbS2K,,,proteinlab,PENDING,Existing Coupang URL is not confirmed as ProteinLab-only. Enter a newly issued ProteinLab link.
labnosh-protein-perfect-cookie-cream-350,프로틴 드링크 퍼펙트 (쿠키앤크림),랩노쉬,drink,https://link.coupang.com/a/e8OoVi1N9M,,,proteinlab,PENDING,Existing Coupang URL is not confirmed as ProteinLab-only. Enter a newly issued ProteinLab link.
labnosh-protein-perfect-grain-350,프로틴 드링크 퍼펙트 (그레인),랩노쉬,drink,https://link.coupang.com/a/e8OerXAKIu,,,proteinlab,PENDING,Existing Coupang URL is not confirmed as ProteinLab-only. Enter a newly issued ProteinLab link.
labnosh-protein-strawberry-350,프로틴 드링크 (스트로베리),랩노쉬,drink,https://www.coupang.com/vp/products/9425699091?itemId=28018418017&vendorItemId=94975681252,,,proteinlab,PENDING,Existing Coupang URL is not confirmed as ProteinLab-only. Enter a newly issued ProteinLab link.
labnosh-slimshake-double-choco-45,슬림쉐이크 (더블초코),랩노쉬,shake,https://link.coupang.com/a/fgZMPP3Et2,,,proteinlab,PENDING,Existing Coupang URL is not confirmed as ProteinLab-only. Enter a newly issued ProteinLab link.
labnosh-slimshake-earl-grey-milk-tea-45,슬림쉐이크 (얼그레이밀크티),랩노쉬,shake,https://link.coupang.com/a/fg0vbjbQlg,,,proteinlab,PENDING,Existing Coupang URL is not confirmed as ProteinLab-only. Enter a newly issued ProteinLab link.
labnosh-slimshake-goguma-45,슬림쉐이크 (고구마),랩노쉬,shake,https://link.coupang.com/a/fgZXZyILNQ,,,proteinlab,PENDING,Existing Coupang URL is not confirmed as ProteinLab-only. Enter a newly issued ProteinLab link.
labnosh-slimshake-injeolmi-45,슬림쉐이크 (인절미),랩노쉬,shake,https://link.coupang.com/a/fgZQti2ibY,,,proteinlab,PENDING,Existing Coupang URL is not confirmed as ProteinLab-only. Enter a newly issued ProteinLab link.
labnosh-slimshake-jeju-matcha-45,슬림쉐이크 (제주말차),랩노쉬,shake,https://link.coupang.com/a/fgZ0iQPxWS,,,proteinlab,PENDING,Existing Coupang URL is not confirmed as ProteinLab-only. Enter a newly issued ProteinLab link.
labnosh-slimshake-roasting-black-sesame-45,슬림쉐이크 (로스팅흑임자),랩노쉬,shake,https://link.coupang.com/a/fg0b6GYRdQ,,,proteinlab,PENDING,Existing Coupang URL is not confirmed as ProteinLab-only. Enter a newly issued ProteinLab link.
labnosh-slimshake-strawberry-banana-45,슬림쉐이크 (딸기바나나),랩노쉬,shake,https://link.coupang.com/a/fg0bxmGGse,,,proteinlab,PENDING,Existing Coupang URL is not confirmed as ProteinLab-only. Enter a newly issued ProteinLab link.
labnosh-slimshake-strawberry-cookie-crumble-45,슬림쉐이크 (딸기쿠키크럼블),랩노쉬,shake,https://link.coupang.com/a/fg0ufOi7wG,,,proteinlab,PENDING,Existing Coupang URL is not confirmed as ProteinLab-only. Enter a newly issued ProteinLab link.
labnosh-slimshake-super-sweet-corn-45,슬림쉐이크 (초당옥수수),랩노쉬,shake,https://link.coupang.com/a/fg0vUuOH92,,,proteinlab,PENDING,Existing Coupang URL is not confirmed as ProteinLab-only. Enter a newly issued ProteinLab link.
lookat-proteinshake-choco-hazelnut-45,단백질 쉐이크 (초코헤이즐넛),룩트,shake,https://link.coupang.com/a/fg0yGxa2F2,,,proteinlab,PENDING,Existing Coupang URL is not confirmed as ProteinLab-only. Enter a newly issued ProteinLab link.
lookat-proteinshake-cinnamon-pecan-45,단백질 쉐이크 (시나몬피칸),룩트,shake,https://link.coupang.com/a/fg0x1jUtZA,,,proteinlab,PENDING,Existing Coupang URL is not confirmed as ProteinLab-only. Enter a newly issued ProteinLab link.
lookat-proteinshake-roasted-soy-soboro-45,단백질 쉐이크 (볶음콩소보로),룩트,shake,https://link.coupang.com/a/fg0w2rgb3k,,,proteinlab,PENDING,Existing Coupang URL is not confirmed as ProteinLab-only. Enter a newly issued ProteinLab link.
lookt-icelandic-mild-100,룩트 아이슬란딕 요거트 마일드 100g,룩트,yogurt,https://www.coupang.com/vp/products/6970727970?itemId=12021463794&vendorItemId=79293779379&q=%EB%A3%A9%ED%8A%B8+%EC%95%84%EC%9D%B4%EC%8A%AC%EB%9E%80%EB%94%95+%EC%9A%94%EA%B1%B0%ED%8A%B8+%EB%A7%88%EC%9D%BC%EB%93%9C+100g&searchId=bac3f9a54820576&sourceType=search&itemsCount=36&searchRank=1&rank=1&traceId=mmyvpglx,,,proteinlab,PENDING,Existing Coupang URL is not confirmed as ProteinLab-only. Enter a newly issued ProteinLab link.
lookt-icelandic-mild-450,룩트 아이슬란딕 요거트 마일드 450g,룩트,yogurt,https://www.coupang.com/vp/products/6970727970?itemId=17002046702&vendorItemId=84178011603&q=%EB%A3%A9%ED%8A%B8+%EC%95%84%EC%9D%B4%EC%8A%AC%EB%9E%80%EB%94%95+%EC%9A%94%EA%B1%B0%ED%8A%B8+%EB%A7%88%EC%9D%BC%EB%93%9C+450g&searchId=979f614c2716210&sourceType=search&itemsCount=36&searchRank=1&rank=1&traceId=mmyvpyqr,,,proteinlab,PENDING,Existing Coupang URL is not confirmed as ProteinLab-only. Enter a newly issued ProteinLab link.
lookt-icelandic-thick-100,룩트 아이슬란딕 요거트 띠크 100g,룩트,yogurt,https://www.coupang.com/vp/products/6168224572?itemId=12021463814&vendorItemId=79293779405&pickType=COU_PICK&q=룩트%20아이슬란딕%20요거트%20띠크%20100g&searchId=a30493bd2581833&sourceType=search&itemsCount=36&searchRank=1&rank=1&traceId=mmyvpqeq,,,proteinlab,PENDING,Existing Coupang URL is not confirmed as ProteinLab-only. Enter a newly issued ProteinLab link.
lookt-icelandic-thick-450,룩트 아이슬란딕 요거트 띠크 450g,룩트,yogurt,https://www.coupang.com/vp/products/6168224572?itemId=17002047120&vendorItemId=84178012869&pickType=COU_PICK&sourceType=srp_product_ads&clickEventId=e3d316e0-2458-11f1-974c-08ece94d0dc0&korePlacement=15&koreSubPlacement=1&clickEventId=e3d316e0-2458-11f1-974c-08ece94d0dc0&korePlacement=15&koreSubPlacement=1&traceId=mmyvq7rv,,,proteinlab,PENDING,Existing Coupang URL is not confirmed as ProteinLab-only. Enter a newly issued ProteinLab link.
lottewellfood-easyprotein-energy-bar,이지프로틴 에너지단백질바,롯데웰푸드,bar,https://link.coupang.com/a/fg2D9gXEDk,,,proteinlab,PENDING,Existing Coupang URL is not confirmed as ProteinLab-only. Enter a newly issued ProteinLab link.
lottewellfood-easyprotein-highprotein-crispy,이지프로틴 고단백질바 (크리스피),롯데웰푸드,bar,https://link.coupang.com/a/fg2Dx7tij6,,,proteinlab,PENDING,Existing Coupang URL is not confirmed as ProteinLab-only. Enter a newly issued ProteinLab link.
maeil-bio-greek-delight-banana-80,매일 바이오 그릭요거트 Delight 바나나 80g,매일 바이오,yogurt,https://www.coupang.com/vp/products/8705370880?itemId=25288980987&vendorItemId=92284450185&pickType=COU_PICK&q=%EB%A7%A4%EC%9D%BC+%EB%B0%94%EC%9D%B4%EC%98%A4+%EA%B7%B8%EB%A6%AD%EC%9A%94%EA%B1%B0%ED%8A%B8+Delight+%EB%B0%94%EB%82%98%EB%82%98+80g&searchId=66d47f8e2640493&sourceType=search&itemsCount=36&searchRank=0&rank=0&traceId=mmyvkg18,,,proteinlab,PENDING,Existing Coupang URL is not confirmed as ProteinLab-only. Enter a newly issued ProteinLab link.
maeil-bio-greek-drink-banana-190,매일 바이오 그릭요거트 Drink 바나나 190mL,매일 바이오,yogurt,https://www.coupang.com/vp/products/8713507821?itemId=26321435417&vendorItemId=94493433957&q=%EB%A7%A4%EC%9D%BC+%EB%B0%94%EC%9D%B4%EC%98%A4+%EA%B7%B8%EB%A6%AD%EC%9A%94%EA%B1%B0%ED%8A%B8+Drink+%EB%B0%94%EB%82%98%EB%82%98+190mL&searchId=c2ba98724582587&sourceType=search&itemsCount=36&searchRank=2&rank=2&traceId=mmyvmccp,,,proteinlab,PENDING,Existing Coupang URL is not confirmed as ProteinLab-only. Enter a newly issued ProteinLab link.
maeil-bio-greek-drink-banana-710,매일 바이오 그릭요거트 Drink 바나나 710mL,매일 바이오,yogurt,https://www.coupang.com/vp/products/8700604294?itemId=25265378481&vendorItemId=92261189320&q=%EB%A7%A4%EC%9D%BC+%EB%B0%94%EC%9D%B4%EC%98%A4+%EA%B7%B8%EB%A6%AD%EC%9A%94%EA%B1%B0%ED%8A%B8+Drink+%EB%B0%94%EB%82%98%EB%82%98+710mL&searchId=0a74e16b4605105&sourceType=search&itemsCount=36&searchRank=0&rank=0&traceId=mmyvodf9,,,proteinlab,PENDING,Existing Coupang URL is not confirmed as ProteinLab-only. Enter a newly issued ProteinLab link.
maeil-bio-greek-drink-plain-190,매일 바이오 그릭요거트 Drink 플레인 190mL,매일 바이오,yogurt,https://www.coupang.com/vp/products/8700623501?itemId=25312670423&vendorItemId=92307757067&pickType=COU_PICK&q=매일%20바이오%20그릭요거트%20Drink%20플레인%20190mL&searchId=8ae5a8e83490693&sourceType=search&itemsCount=36&searchRank=3&rank=3&traceId=mmyvm06x,,,proteinlab,PENDING,Existing Coupang URL is not confirmed as ProteinLab-only. Enter a newly issued ProteinLab link.
maeil-bio-greek-drink-plain-710,매일 바이오 그릭요거트 Drink 플레인 710mL,매일 바이오,yogurt,https://www.coupang.com/vp/products/8700623491?itemId=25312670392&vendorItemId=92307757040&pickType=COU_PICK&q=%EB%A7%A4%EC%9D%BC%20%EB%B0%94%EC%9D%B4%EC%98%A4%20%EA%B7%B8%EB%A6%AD%EC%9A%94%EA%B1%B0%ED%8A%B8%20Drink%20%EB%AC%B4%EA%B0%80%EB%8B%B9%20%ED%94%8C%EB%A0%88%EC%9D%B8%20710mL&searchId=5bcf46ae610164&sourceType=search&itemsCount=36&searchRank=0&rank=0&traceId=mmyvo3pp,,,proteinlab,PENDING,Existing Coupang URL is not confirmed as ProteinLab-only. Enter a newly issued ProteinLab link.
maeil-bio-greek-drink-unsweetened-710,매일 바이오 그릭요거트 Drink 무가당 플레인 710mL,매일 바이오,yogurt,https://www.coupang.com/vp/products/8700623491?itemId=25312670392&vendorItemId=92307757040&pickType=COU_PICK&q=매일%20바이오%20그릭요거트%20Drink%20무가당%20플레인%20710mL&searchId=5bcf46ae610164&sourceType=search&itemsCount=36&searchRank=0&rank=0&traceId=mmyvmmqv,,,proteinlab,PENDING,Existing Coupang URL is not confirmed as ProteinLab-only. Enter a newly issued ProteinLab link.
maeil-bio-greek-plain-150,매일 바이오 그릭요거트 플레인 150g,매일 바이오,yogurt,https://www.coupang.com/vp/products/9281513889?itemId=27479763128&vendorItemId=94444935650&q=%EB%A7%A4%EC%9D%BC+%EB%B0%94%EC%9D%B4%EC%98%A4+%EA%B7%B8%EB%A6%AD%EC%9A%94%EA%B1%B0%ED%8A%B8+%ED%94%8C%EB%A0%88%EC%9D%B8+150g&searchId=f642a3843961587&sourceType=search&itemsCount=36&searchRank=0&rank=0&traceId=mmyvjqhz,,,proteinlab,PENDING,Existing Coupang URL is not confirmed as ProteinLab-only. Enter a newly issued ProteinLab link.
maeil-bio-greek-plain-400,매일 바이오 그릭요거트 플레인 400g,매일 바이오,yogurt,https://www.coupang.com/vp/products/8787833517?itemId=25584183005&vendorItemId=92575077399&q=%EB%A7%A4%EC%9D%BC+%EB%B0%94%EC%9D%B4%EC%98%A4+%EA%B7%B8%EB%A6%AD%EC%9A%94%EA%B1%B0%ED%8A%B8+%ED%94%8C%EB%A0%88%EC%9D%B8+400g&searchId=742a939a4557970&sourceType=search&itemsCount=36&searchRank=2&rank=2&traceId=mmyvk3on,,,proteinlab,PENDING,Existing Coupang URL is not confirmed as ProteinLab-only. Enter a newly issued ProteinLab link.
maeil-bio-greek-togo-honey-120,매일 바이오 그릭요거트 to go 허니 120g,매일 바이오,yogurt,https://www.coupang.com/vp/products/8310404657?itemId=28029010707&vendorItemId=94986131697&q=매일%20바이오%20그릭요거트%20to%20go%20허니%20120g&searchId=b31127694087891&sourceType=search&itemsCount=36&searchRank=0&rank=0,,,proteinlab,PENDING,Existing Coupang URL is not confirmed as ProteinLab-only. Enter a newly issued ProteinLab link.
maeil-bio-greek-togo-plain-120,매일 바이오 그릭요거트 to go 플레인 120g,매일 바이오,yogurt,https://www.coupang.com/vp/products/8312114740?itemId=27988823442&vendorItemId=94946464409&q=%EB%A7%A4%EC%9D%BC+%EB%B0%94%EC%9D%B4%EC%98%A4+%EA%B7%B8%EB%A6%AD%EC%9A%94%EA%B1%B0%ED%8A%B8+to+go+%ED%94%8C%EB%A0%88%EC%9D%B8+120g&searchId=df9b57cc4580462&sourceType=search&itemsCount=36&searchRank=0&rank=0&traceId=mmyvks4e,,,proteinlab,PENDING,Existing Coupang URL is not confirmed as ProteinLab-only. Enter a newly issued ProteinLab link.
maeil-bio-greek-unsweetened-150,매일 바이오 그릭요거트 무가당 플레인 150g,매일 바이오,yogurt,https://www.coupang.com/vp/products/9281513889?itemId=27479763128&vendorItemId=94444935650&q=%EB%A7%A4%EC%9D%BC+%EB%B0%94%EC%9D%B4%EC%98%A4+%EA%B7%B8%EB%A6%AD%EC%9A%94%EA%B1%B0%ED%8A%B8+%EB%AC%B4%EA%B0%80%EB%8B%B9+%ED%94%8C%EB%A0%88%EC%9D%B8+150g&searchId=7d71663b517872&sourceType=search&itemsCount=36&searchRank=0&rank=0&traceId=mmyvd3ly,,,proteinlab,PENDING,Existing Coupang URL is not confirmed as ProteinLab-only. Enter a newly issued ProteinLab link.
maeil-bio-greek-unsweetened-400,매일 바이오 그릭요거트 무가당 플레인 400g,매일 바이오,yogurt,https://www.coupang.com/vp/products/6809405272?itemId=18633943476&vendorItemId=91144871051&q=매일%20바이오%20그릭요거트%20무가당%20플레인%20400g&searchId=7740856a2369855&sourceType=search&itemsCount=36&searchRank=0&rank=0&traceId=mmyvi6zb,,,proteinlab,PENDING,Existing Coupang URL is not confirmed as ProteinLab-only. Enter a newly issued ProteinLab link.
maeil-bio-greek-unsweetened-80,매일 바이오 그릭요거트 무가당 플레인 80g,매일 바이오,yogurt,https://www.coupang.com/vp/products/8960395129?itemId=13743166161&vendorItemId=80993989084&pickType=COU_PICK&q=%EB%A7%A4%EC%9D%BC+%EB%B0%94%EC%9D%B4%EC%98%A4+%EA%B7%B8%EB%A6%AD%EC%9A%94%EA%B1%B0%ED%8A%B8+%EB%AC%B4%EA%B0%80%EB%8B%B9+%ED%94%8C%EB%A0%88%EC%9D%B8+80g&searchId=4705e73f4558762&sourceType=search&itemsCount=36&searchRank=0&rank=0&traceId=mmyvj2jh,,,proteinlab,PENDING,Existing Coupang URL is not confirmed as ProteinLab-only. Enter a newly issued ProteinLab link.
maeil-bio-greek-unsweetened-800,매일 바이오 그릭요거트 무가당 플레인 800g,매일 바이오,yogurt,https://www.coupang.com/vp/products/7216495213?itemId=19225557711&vendorItemId=86342201460&pickType=COU_PICK&q=%EB%A7%A4%EC%9D%BC+%EB%B0%94%EC%9D%B4%EC%98%A4+%EA%B7%B8%EB%A6%AD%EC%9A%94%EA%B1%B0%ED%8A%B8+%EB%AC%B4%EA%B0%80%EB%8B%B9+%ED%94%8C%EB%A0%88%EC%9D%B8+800g&searchId=ad54a40d2539559&sourceType=search&itemsCount=36&searchRank=0&rank=0&traceId=mmyvjg1x,,,proteinlab,PENDING,Existing Coupang URL is not confirmed as ProteinLab-only. Enter a newly issued ProteinLab link.
marketo-nature-oh-granola-proteinbar-40,오 그래놀라 단백질바 40g,마켓오네이처,bar,https://link.coupang.com/a/fg2LOWn92G,,,proteinlab,PENDING,Existing Coupang URL is not confirmed as ProteinLab-only. Enter a newly issued ProteinLab link.
milit-proteinshake-banana-40,단백질 쉐이크 (바나나맛),밀잇,shake,https://link.coupang.com/a/fg0pMlKPWS,,,proteinlab,PENDING,Existing Coupang URL is not confirmed as ProteinLab-only. Enter a newly issued ProteinLab link.
milit-proteinshake-cereal-40,단백질 쉐이크 (시리얼맛),밀잇,shake,https://link.coupang.com/a/fg0KZKlAzc,,,proteinlab,PENDING,Existing Coupang URL is not confirmed as ProteinLab-only. Enter a newly issued ProteinLab link.
milit-proteinshake-chocolate-40,단백질 쉐이크 (초콜릿맛),밀잇,shake,https://link.coupang.com/a/fg0ovezIaG,,,proteinlab,PENDING,Existing Coupang URL is not confirmed as ProteinLab-only. Enter a newly issued ProteinLab link.
milit-proteinshake-coffee-40,단백질 쉐이크 (커피맛),밀잇,shake,https://link.coupang.com/a/fg0o9ofp2y,,,proteinlab,PENDING,Existing Coupang URL is not confirmed as ProteinLab-only. Enter a newly issued ProteinLab link.
milit-proteinshake-matcha-choco-cookie-40,단백질 쉐이크 (말차초코쿠키맛),밀잇,shake,https://link.coupang.com/a/fg0JjyVTgW,,,proteinlab,PENDING,Existing Coupang URL is not confirmed as ProteinLab-only. Enter a newly issued ProteinLab link.
milit-proteinshake-melon-40,단백질 쉐이크 (멜론맛),밀잇,shake,https://link.coupang.com/a/fg0KlvvkZ2,,,proteinlab,PENDING,Existing Coupang URL is not confirmed as ProteinLab-only. Enter a newly issued ProteinLab link.
milit-proteinshake-pistachio-40,단백질 쉐이크 (피스타치오맛),밀잇,shake,https://link.coupang.com/a/fg0LHqnOto,,,proteinlab,PENDING,Existing Coupang URL is not confirmed as ProteinLab-only. Enter a newly issued ProteinLab link.
mymil-furotein-choco-250,퓨로틴 (초코맛),마이밀,drink,https://link.coupang.com/a/e8M4zXY6Oi,,,proteinlab,PENDING,Existing Coupang URL is not confirmed as ProteinLab-only. Enter a newly issued ProteinLab link.
mymil-furotein-goguma-250,퓨로틴 (고구마맛),마이밀,drink,,,,proteinlab,PENDING,No existing Coupang URL. Enter a newly issued ProteinLab link.
mymil-furotein-gosohan-250,퓨로틴 (고소한맛),마이밀,drink,,,,proteinlab,PENDING,No existing Coupang URL. Enter a newly issued ProteinLab link.
mymil-new-proteinbar,뉴프로틴바,마이밀,bar,https://link.coupang.com/a/fg2dxlvoXc,,,proteinlab,PENDING,Existing Coupang URL is not confirmed as ProteinLab-only. Enter a newly issued ProteinLab link.
mymil-newprotein-banana-190,뉴프로틴 (바나나),마이밀,drink,https://link.coupang.com/a/e8OnPfOtgq,,,proteinlab,PENDING,Existing Coupang URL is not confirmed as ProteinLab-only. Enter a newly issued ProteinLab link.
mymil-newprotein-deepchoco-190,뉴프로틴 (딥초코),마이밀,drink,https://link.coupang.com/a/e8OhZGfWDc,,,proteinlab,PENDING,Existing Coupang URL is not confirmed as ProteinLab-only. Enter a newly issued ProteinLab link.
mymil-newprotein-goatmilk-190,뉴프로틴 (산양유),마이밀,drink,https://link.coupang.com/a/e8OiKnP2vk,,,proteinlab,PENDING,Existing Coupang URL is not confirmed as ProteinLab-only. Enter a newly issued ProteinLab link.
mymil-newprotein-original-190,뉴프로틴 (오리지널),마이밀,drink,https://link.coupang.com/a/e8Ohtei1ds,,,proteinlab,PENDING,Existing Coupang URL is not confirmed as ProteinLab-only. Enter a newly issued ProteinLab link.
myprotein-6layer-triple-chocolate-fudge-60,6 레이어 프로틴바 (트리플 초콜릿 퍼지),마이프로틴,bar,,,,proteinlab,PENDING,No existing Coupang URL. Enter a newly issued ProteinLab link.
myprotein-protein-wafer-42,프로틴 와퍼,마이프로틴,bar,https://link.coupang.com/a/fg2FwFnOKG,,,proteinlab,PENDING,Existing Coupang URL is not confirmed as ProteinLab-only. Enter a newly issued ProteinLab link.
myprotein-soft-caramel-choco,소프트 단백질바 (카라멜 초코),마이프로틴,bar,https://link.coupang.com/a/fg2eFA6KVE,,,proteinlab,PENDING,Existing Coupang URL is not confirmed as ProteinLab-only. Enter a newly issued ProteinLab link.
myprotein-soft-lemon-earlgrey,소프트 단백질바 (레몬 얼그레이),마이프로틴,bar,https://link.coupang.com/a/fg2d57avQW,,,proteinlab,PENDING,Existing Coupang URL is not confirmed as ProteinLab-only. Enter a newly issued ProteinLab link.
myprotein-soft-strawberry-yogurt,소프트 단백질바 (딸기 요거트),마이프로틴,bar,https://link.coupang.com/a/fg2fgPewxM,,,proteinlab,PENDING,Existing Coupang URL is not confirmed as ProteinLab-only. Enter a newly issued ProteinLab link.
newcare-all-protein-41g,올프로틴 41g (초코맛),뉴케어,drink,https://link.coupang.com/a/e8NyraGXKK,,,proteinlab,PENDING,Existing Coupang URL is not confirmed as ProteinLab-only. Enter a newly issued ProteinLab link.
newcare-all-protein-41g-coffee-350,올프로틴 41g (커피우유맛),뉴케어,drink,https://link.coupang.com/a/e8NCVm177s,,,proteinlab,PENDING,Existing Coupang URL is not confirmed as ProteinLab-only. Enter a newly issued ProteinLab link.
newcare-all-protein-41g-savory-350,올프로틴 41g (고소한맛),뉴케어,drink,https://link.coupang.com/a/e8NAL6Css8,,,proteinlab,PENDING,Existing Coupang URL is not confirmed as ProteinLab-only. Enter a newly issued ProteinLab link.
newcare-all-protein-banana-245,올프로틴 (바나나),뉴케어,drink,https://link.coupang.com/a/e8MLDK6g1c,,,proteinlab,PENDING,Existing Coupang URL is not confirmed as ProteinLab-only. Enter a newly issued ProteinLab link.
newcare-all-protein-choco-245,올프로틴 (초콜릿),뉴케어,drink,https://link.coupang.com/a/e8MJ6pkgtV,,,proteinlab,PENDING,Existing Coupang URL is not confirmed as ProteinLab-only. Enter a newly issued ProteinLab link.
newcare-all-protein-plant-savory-250,올프로틴 식물성단백질 (고소한맛),뉴케어,drink,https://link.coupang.com/a/e8MOjG199o,,,proteinlab,PENDING,Existing Coupang URL is not confirmed as ProteinLab-only. Enter a newly issued ProteinLab link.
newcare-all-protein-savory-245,올프로틴 (고소한맛),뉴케어,drink,https://link.coupang.com/a/e8MPMNp7tc,,,proteinlab,PENDING,Existing Coupang URL is not confirmed as ProteinLab-only. Enter a newly issued ProteinLab link.
newcare-olprotein-water-apple-350,올프로틴 워터 (사과),뉴케어,drink,https://link.coupang.com/a/e8NmhcH0km,,,proteinlab,PENDING,Existing Coupang URL is not confirmed as ProteinLab-only. Enter a newly issued ProteinLab link.
newcare-olprotein-water-lemon-350,올프로틴 워터 (레몬),뉴케어,drink,https://link.coupang.com/a/e8NlDmSv4C,,,proteinlab,PENDING,Existing Coupang URL is not confirmed as ProteinLab-only. Enter a newly issued ProteinLab link.
nobrand-proteinbar-choco,단백질바 초코,노브랜드,bar,,,,proteinlab,PENDING,No existing Coupang URL. Enter a newly issued ProteinLab link.
nobrand-proteinbar-mini,단백질바 미니,노브랜드,bar,https://link.coupang.com/a/fg2BRZBO4y,,,proteinlab,PENDING,Existing Coupang URL is not confirmed as ProteinLab-only. Enter a newly issued ProteinLab link.
oatmont-protein-choco-250,프로틴 (초콜릿),오트몬드,drink,https://link.coupang.com/a/e8NoP5tVEP,,,proteinlab,PENDING,Existing Coupang URL is not confirmed as ProteinLab-only. Enter a newly issued ProteinLab link.
oatmont-protein-cookiecream-250,프로틴 (쿠키앤크림),오트몬드,drink,https://link.coupang.com/a/e8NpFXg31o,,,proteinlab,PENDING,Existing Coupang URL is not confirmed as ProteinLab-only. Enter a newly issued ProteinLab link.
oatmont-protein-savory-250,프로틴 (고소한맛),오트몬드,drink,https://link.coupang.com/a/e8Nn27XAES,,,proteinlab,PENDING,Existing Coupang URL is not confirmed as ProteinLab-only. Enter a newly issued ProteinLab link.
ondanbaek-protein-bar-apple-cranberry-50,프로틴바 (애플크랜베리),온단백,bar,https://www.coupang.com/vp/products/9004312871?itemId=26388106664&vendorItemId=93364470969&q=%EC%98%A8%EB%8B%A8%EB%B0%B1+%ED%94%84%EB%A1%9C%ED%8B%B4%EB%B0%94+%28%EC%95%A0%ED%94%8C%ED%81%AC%EB%9E%9C%EB%B2%A0%EB%A6%AC%29&searchId=57088303446478&sourceType=search&itemsCount=36&searchRank=0&rank=0&traceId=mmyluhz1,,,proteinlab,PENDING,Existing Coupang URL is not confirmed as ProteinLab-only. Enter a newly issued ProteinLab link.
ondanbaek-protein-bar-chocolate-fudge-50,프로틴바 (초콜릿퍼지),온단백,bar,https://www.coupang.com/vp/products/9004389967?itemId=26388520629&vendorItemId=93364878631&q=%EC%98%A8%EB%8B%A8%EB%B0%B1+%ED%94%84%EB%A1%9C%ED%8B%B4%EB%B0%94+%28%EC%B4%88%EC%BD%9C%EB%A0%9B%ED%8D%BC%EC%A7%80%29&searchId=04036658951213&sourceType=search&itemsCount=36&searchRank=1&rank=1&traceId=mmyluv1y,,,proteinlab,PENDING,Existing Coupang URL is not confirmed as ProteinLab-only. Enter a newly issued ProteinLab link.
oneuldanbaek-caramel-latte-250,오늘단백 (카라멜라떼),오늘단백,drink,,,,proteinlab,PENDING,No existing Coupang URL. Enter a newly issued ProteinLab link.
oneuldanbaek-choco-latte-250,오늘단백 (초코라떼),오늘단백,drink,,,,proteinlab,PENDING,No existing Coupang URL. Enter a newly issued ProteinLab link.
oneuldanbaek-dolce-latte-250,오늘단백 (돌체라떼),오늘단백,drink,,,,proteinlab,PENDING,No existing Coupang URL. Enter a newly issued ProteinLab link.
oneuldanbaek-milkchoco-caramel-bar-48,밀크초코 카라멜 바,오늘단백,bar,https://link.coupang.com/a/fg2l1yzC8W,,,proteinlab,PENDING,Existing Coupang URL is not confirmed as ProteinLab-only. Enter a newly issued ProteinLab link.
oneuldanbaek-milkchoco-cheesecake-bar-48,밀크초코 치즈케이크 바,오늘단백,bar,https://link.coupang.com/a/fg2luAbzlB,,,proteinlab,PENDING,Existing Coupang URL is not confirmed as ProteinLab-only. Enter a newly issued ProteinLab link.
oneuldanbaek-milkchoco-pistachio-bar-48,밀크초코 피스타치오 바,오늘단백,bar,https://link.coupang.com/a/fg2mRMldv2,,,proteinlab,PENDING,Existing Coupang URL is not confirmed as ProteinLab-only. Enter a newly issued ProteinLab link.
oneuldanbaek-milkchoco-strawberry-bar-48,밀크초코 스트로베리 바,오늘단백,bar,https://link.coupang.com/a/fg2kIuOQPQ,,,proteinlab,PENDING,Existing Coupang URL is not confirmed as ProteinLab-only. Enter a newly issued ProteinLab link.
organica-ola-chewy-protein-bar-berry-almond-35,올라 츄이프로틴바 (베리아몬드),올가니카,bar,https://link.coupang.com/a/fg2vkuGroy,,,proteinlab,PENDING,Existing Coupang URL is not confirmed as ProteinLab-only. Enter a newly issued ProteinLab link.
organica-ola-chewy-protein-bar-peanut-cacao-35,올라 츄이프로틴바 (피넛카카오),올가니카,bar,https://link.coupang.com/a/fg2Ac4fOx2,,,proteinlab,PENDING,Existing Coupang URL is not confirmed as ProteinLab-only. Enter a newly issued ProteinLab link.
pasteur-easyprotein-cereal-250,이지프로틴 (시리얼),롯데웰푸드,drink,https://link.coupang.com/a/e8OkgllzwW,,,proteinlab,PENDING,Existing Coupang URL is not confirmed as ProteinLab-only. Enter a newly issued ProteinLab link.
pasteur-easyprotein-lowsugar-choco-250,이지프로틴 저당 (초콜릿),롯데웰푸드,drink,https://link.coupang.com/a/e8NSF0vxf2,,,proteinlab,PENDING,Existing Coupang URL is not confirmed as ProteinLab-only. Enter a newly issued ProteinLab link.
post-proteinbar,단백질바,포스트,bar,https://link.coupang.com/a/fg12TVZwyG,,,proteinlab,PENDING,Existing Coupang URL is not confirmed as ProteinLab-only. Enter a newly issued ProteinLab link.
post-proteinbar-mini,단백질바 미니,포스트,bar,https://link.coupang.com/a/fg2AN90mC4,,,proteinlab,PENDING,Existing Coupang URL is not confirmed as ProteinLab-only. Enter a newly issued ProteinLab link.
ppaeba-realchoco-proteinbar-cookies-cream-40,리얼초콜릿 프로틴바 쿠키앤크림 40g,빼바,bar,https://link.coupang.com/a/fg2J2if8c8,,,proteinlab,PENDING,Existing Coupang URL is not confirmed as ProteinLab-only. Enter a newly issued ProteinLab link.
ppaeba-realchoco-proteinbar-dark-40,리얼초콜릿 프로틴바 다크 40g,빼바,bar,https://link.coupang.com/a/fg2IbmLplI,,,proteinlab,PENDING,Existing Coupang URL is not confirmed as ProteinLab-only. Enter a newly issued ProteinLab link.
ppaeba-realchoco-proteinbar-greek-yogurt-40,리얼초콜릿 프로틴바 그릭요거트 40g,빼바,bar,https://link.coupang.com/a/fg2KHk8LGm,,,proteinlab,PENDING,Existing Coupang URL is not confirmed as ProteinLab-only. Enter a newly issued ProteinLab link.
ppaeba-realchoco-proteinbar-white-40,리얼초콜릿 프로틴바 화이트 40g,빼바,bar,https://link.coupang.com/a/fg2JbiVgYK,,,proteinlab,PENDING,Existing Coupang URL is not confirmed as ProteinLab-only. Enter a newly issued ProteinLab link.
proteinbangatgan-harudanbaekbar-blacksesame,하루단백바 (흑임자),프로틴방앗간,bar,https://link.coupang.com/a/fg13A7upps,,,proteinlab,PENDING,Existing Coupang URL is not confirmed as ProteinLab-only. Enter a newly issued ProteinLab link.
proteinbangatgan-harudanbaekbar-cheeseberry,하루단백바 (치즈베리),프로틴방앗간,bar,https://link.coupang.com/a/fg157rmiCi,,,proteinlab,PENDING,Existing Coupang URL is not confirmed as ProteinLab-only. Enter a newly issued ProteinLab link.
proteinbangatgan-harudanbaekbar-jetchococake,하루단백바 (제트초코케이크),프로틴방앗간,bar,https://link.coupang.com/a/fg2fSavbyu,,,proteinlab,PENDING,Existing Coupang URL is not confirmed as ProteinLab-only. Enter a newly issued ProteinLab link.
proteone-proteinshake-black-sesame-40,단백질 쉐이크 (흑임자맛),프로티원,shake,https://link.coupang.com/a/fg0dzkkr9g,,,proteinlab,PENDING,Existing Coupang URL is not confirmed as ProteinLab-only. Enter a newly issued ProteinLab link.
proteone-proteinshake-choco-40,단백질 쉐이크 (초코맛),프로티원,shake,https://link.coupang.com/a/fgZ1KR8TrE,,,proteinlab,PENDING,Existing Coupang URL is not confirmed as ProteinLab-only. Enter a newly issued ProteinLab link.
proteone-proteinshake-coffee-40,단백질 쉐이크 (커피맛),프로티원,shake,https://link.coupang.com/a/fgZ27kGoNw,,,proteinlab,PENDING,Existing Coupang URL is not confirmed as ProteinLab-only. Enter a newly issued ProteinLab link.
proteone-proteinshake-grain-40,단백질 쉐이크 (곡물맛),프로티원,shake,https://link.coupang.com/a/fg0jJ5P9S8,,,proteinlab,PENDING,Existing Coupang URL is not confirmed as ProteinLab-only. Enter a newly issued ProteinLab link.
proteone-proteinshake-strawberry-40,단백질 쉐이크 (딸기맛),프로티원,shake,https://link.coupang.com/a/fg0cYwKeom,,,proteinlab,PENDING,Existing Coupang URL is not confirmed as ProteinLab-only. Enter a newly issued ProteinLab link.
pulmuone-dannon-greek-unsweetened-90,풀무원다논 그릭요거트 무가당 플레인 90g,풀무원다논,yogurt,https://www.coupang.com/vp/products/1261683219?itemId=19225059882&vendorItemId=86341716285&pickType=COU_PICK&q=%ED%92%80%EB%AC%B4%EC%9B%90%EB%8B%A4%EB%85%BC+%EA%B7%B8%EB%A6%AD%EC%9A%94%EA%B1%B0%ED%8A%B8+%EB%AC%B4%EA%B0%80%EB%8B%B9+%ED%94%8C%EB%A0%88%EC%9D%B8+90g&searchId=958325b44496456&sourceType=search&itemsCount=36&searchRank=2&rank=2&traceId=mmyvdlxw,,,proteinlab,PENDING,Existing Coupang URL is not confirmed as ProteinLab-only. Enter a newly issued ProteinLab link.
quest-nutrition-protein-bar-blueberry-muffin-60,단백질바 (블루베리 머핀),퀘스트 뉴트리션,bar,https://link.coupang.com/a/fg10AtFbJk,,,proteinlab,PENDING,Existing Coupang URL is not confirmed as ProteinLab-only. Enter a newly issued ProteinLab link.
quest-nutrition-protein-bar-chocolate-chip-cookie-dough-60,단백질바 (초코칩 쿠키도우),퀘스트 뉴트리션,bar,https://link.coupang.com/a/fg1Z1J4xRQ,,,proteinlab,PENDING,Existing Coupang URL is not confirmed as ProteinLab-only. Enter a newly issued ProteinLab link.
quest-nutrition-protein-bar-chocolate-peanutbutter-60,단백질바 (초콜릿 피넛버터),퀘스트 뉴트리션,bar,https://link.coupang.com/a/fg1WbRVWFM,,,proteinlab,PENDING,Existing Coupang URL is not confirmed as ProteinLab-only. Enter a newly issued ProteinLab link.
quest-nutrition-protein-bar-cookie-cream-60,단백질바 (쿠키 앤 크림),퀘스트 뉴트리션,bar,https://link.coupang.com/a/fg1ZqHiJsi,,,proteinlab,PENDING,Existing Coupang URL is not confirmed as ProteinLab-only. Enter a newly issued ProteinLab link.
quest-nutrition-protein-bar-deep-chocolate-chip-cookie-dough-60,단백질바 (딥 초콜릿칩 쿠키도우),퀘스트 뉴트리션,bar,https://link.coupang.com/a/fg1XtIkg8W,,,proteinlab,PENDING,Existing Coupang URL is not confirmed as ProteinLab-only. Enter a newly issued ProteinLab link.
quest-nutrition-protein-bar-deep-dish-cookie-cream-60,단백질바 (딥디쉬 쿠키 앤 크림),퀘스트 뉴트리션,bar,https://link.coupang.com/a/fg11Ouyxsi,,,proteinlab,PENDING,Existing Coupang URL is not confirmed as ProteinLab-only. Enter a newly issued ProteinLab link.
quest-nutrition-protein-bar-double-chocolate-chunk-60,단백질바 (더블 초콜릿 청크),퀘스트 뉴트리션,bar,https://link.coupang.com/a/fg1Vxxl8RU,,,proteinlab,PENDING,Existing Coupang URL is not confirmed as ProteinLab-only. Enter a newly issued ProteinLab link.
quest-nutrition-protein-bar-lemon-cake-60,단백질바 (레몬 케이크),퀘스트 뉴트리션,bar,https://link.coupang.com/a/fg1X8kYz24,,,proteinlab,PENDING,Existing Coupang URL is not confirmed as ProteinLab-only. Enter a newly issued ProteinLab link.
quest-nutrition-protein-bar-mint-chocolate-chunk-60,단백질바 (민트 초콜릿 청크),퀘스트 뉴트리션,bar,https://link.coupang.com/a/fg1YOovAfQ,,,proteinlab,PENDING,Existing Coupang URL is not confirmed as ProteinLab-only. Enter a newly issued ProteinLab link.
quest-nutrition-protein-bar-oatmeal-chocolate-chip-60,단백질바 (오트밀 초콜릿 칩),퀘스트 뉴트리션,bar,https://link.coupang.com/a/fg1WPtlsVE,,,proteinlab,PENDING,Existing Coupang URL is not confirmed as ProteinLab-only. Enter a newly issued ProteinLab link.
quest-nutrition-protein-bar-smores-60,단백질바 (스모어),퀘스트 뉴트리션,bar,https://link.coupang.com/a/fg12mQAtwr,,,proteinlab,PENDING,Existing Coupang URL is not confirmed as ProteinLab-only. Enter a newly issued ProteinLab link.
quest-nutrition-protein-bar-white-chocolate-raspberry-60,단백질바 (화이트 초콜릿 라즈베리),퀘스트 뉴트리션,bar,https://link.coupang.com/a/fg11eGcoFw,,,proteinlab,PENDING,Existing Coupang URL is not confirmed as ProteinLab-only. Enter a newly issued ProteinLab link.
sangha-organic-greek-apple-kale-120,상하목장 유기농 그릭요거트 사과&케일 120g,상하목장,yogurt,https://www.coupang.com/vp/products/8310686156?itemId=24017155081&vendorItemId=91037760522&q=상하목장%20유기농%20그릭요거트%20사과&케일%20120g&searchId=bde7f3b74622932&sourceType=search&itemsCount=36&searchRank=0&rank=0&traceId=mmyvomd1,,,proteinlab,PENDING,Existing Coupang URL is not confirmed as ProteinLab-only. Enter a newly issued ProteinLab link.
sangha-organic-greek-blueberry-kale-120,상하목장 유기농 그릭요거트 블루베리&케일 120g,상하목장,yogurt,https://www.coupang.com/vp/products/8310686192?itemId=24017155135&vendorItemId=91037760602&pickType=COU_PICK&q=상하목장%20유기농%20그릭요거트%20블루베리&케일%20120g&searchId=5b3db34f4624978&sourceType=search&itemsCount=36&searchRank=0&rank=0&traceId=mmyvovia,,,proteinlab,PENDING,Existing Coupang URL is not confirmed as ProteinLab-only. Enter a newly issued ProteinLab link.
sangha-organic-greek-plain-80,상하목장 유기농 그릭요거트 플레인 80g,상하목장,yogurt,https://www.coupang.com/vp/products/8593813433?itemId=24949791853&vendorItemId=91955683918&q=%EC%83%81%ED%95%98%EB%AA%A9%EC%9E%A5+%EC%9C%A0%EA%B8%B0%EB%86%8D+%EA%B7%B8%EB%A6%AD%EC%9A%94%EA%B1%B0%ED%8A%B8+%ED%94%8C%EB%A0%88%EC%9D%B8+80g&searchId=6b2746c6406435&sourceType=search&itemsCount=36&searchRank=2&rank=2&traceId=mmyveq3c,,,proteinlab,PENDING,Existing Coupang URL is not confirmed as ProteinLab-only. Enter a newly issued ProteinLab link.
sangha-organic-greek-unsweetened-400,상하목장 유기농 그릭요거트 무가당 플레인 400g,상하목장,yogurt,https://www.coupang.com/vp/products/8566052890?itemId=25438448255&vendorItemId=93564298776&q=상하목장%20유기농%20그릭요거트%20무가당%20플레인%20400g&searchId=4b1d09ce4528725&sourceType=search&itemsCount=36&searchRank=0&rank=0&traceId=mmyvf244,,,proteinlab,PENDING,Existing Coupang URL is not confirmed as ProteinLab-only. Enter a newly issued ProteinLab link.
sangha-organic-greek-unsweetened-80,상하목장 유기농 그릭요거트 무가당 플레인 80g,상하목장,yogurt,https://www.coupang.com/vp/products/8593813440?itemId=24949791948&vendorItemId=91955683966&pickType=COU_PICK&q=상하목장%20유기농%20그릭요거트%20무가당%20플레인%2080g&searchId=d1b1b0ff957960&sourceType=search&itemsCount=36&searchRank=0&rank=0&traceId=mmyvdb5a,,,proteinlab,PENDING,Existing Coupang URL is not confirmed as ProteinLab-only. Enter a newly issued ProteinLab link.
selex-protein-nutsbar,프로틴 너츠바,셀렉스,bar,https://link.coupang.com/a/fg2adLWQqi,,,proteinlab,PENDING,Existing Coupang URL is not confirmed as ProteinLab-only. Enter a newly issued ProteinLab link.
selex-proteinbar-berryoat,프로틴바 베리오트,셀렉스,bar,https://link.coupang.com/a/fg19zNImSO,,,proteinlab,PENDING,Existing Coupang URL is not confirmed as ProteinLab-only. Enter a newly issued ProteinLab link.
sellex-profit-banana-250,프로핏 (바나나),셀렉스,drink,https://link.coupang.com/a/e8MSIticfs,,,proteinlab,PENDING,Existing Coupang URL is not confirmed as ProteinLab-only. Enter a newly issued ProteinLab link.
sellex-profit-milk-vanilla-250,프로핏 (밀크 바닐라),셀렉스,drink,https://link.coupang.com/a/e8MRblZJls,,,proteinlab,PENDING,Existing Coupang URL is not confirmed as ProteinLab-only. Enter a newly issued ProteinLab link.
sellex-profit-mocha-chocolate-250,프로핏 (모카 초콜릿),셀렉스,drink,https://link.coupang.com/a/e8MRZ5k8bY,,,proteinlab,PENDING,Existing Coupang URL is not confirmed as ProteinLab-only. Enter a newly issued ProteinLab link.
sellex-profit-peach-icedtea-330,프로핏 스포츠 (복숭아 아이스티),셀렉스,drink,https://link.coupang.com/a/e8NLSc9rEa,,,proteinlab,PENDING,Existing Coupang URL is not confirmed as ProteinLab-only. Enter a newly issued ProteinLab link.
sellex-profit-sports-choco-330,프로핏 스포츠 (초콜릿),셀렉스,drink,https://link.coupang.com/a/e8NeaakAQ8,,,proteinlab,PENDING,Existing Coupang URL is not confirmed as ProteinLab-only. Enter a newly issued ProteinLab link.
sellex-profit-sports-coconut-330,프로핏 스포츠 (코코넛),셀렉스,drink,https://link.coupang.com/a/e8NeQAxnk4,,,proteinlab,PENDING,Existing Coupang URL is not confirmed as ProteinLab-only. Enter a newly issued ProteinLab link.
sellex-profit-sports-wildchoco-350,프로핏 스포츠 와일드 초코,셀렉스,drink,https://link.coupang.com/a/e8NhOmVFuK,,,proteinlab,PENDING,Existing Coupang URL is not confirmed as ProteinLab-only. Enter a newly issued ProteinLab link.
sellex-profit-strawberry-choco-250,프로핏 (딸기초코),셀렉스,drink,https://link.coupang.com/a/e8NdkFP4Vx,,,proteinlab,PENDING,Existing Coupang URL is not confirmed as ProteinLab-only. Enter a newly issued ProteinLab link.
sellex-profit-whey-protein-americano-330,프로틴 웨이프로핏 (아메리카노),셀렉스,drink,,,,proteinlab,PENDING,No existing Coupang URL. Enter a newly issued ProteinLab link.
sellex-protein-dangsolve-corn-190,프로틴 당솔브 (초당옥수수맛),셀렉스,drink,https://link.coupang.com/a/e8NOEFh3JY,,,proteinlab,PENDING,Existing Coupang URL is not confirmed as ProteinLab-only. Enter a newly issued ProteinLab link.
sellex-protein-dangsolve-fivegrain-190,프로틴 당솔브 (오곡맛),셀렉스,drink,https://link.coupang.com/a/e8NPj81xGS,,,proteinlab,PENDING,Existing Coupang URL is not confirmed as ProteinLab-only. Enter a newly issued ProteinLab link.
sellex-protein-lactosefree-original-190,프로틴 락토프리 (오리지널),셀렉스,drink,https://link.coupang.com/a/e8NN7uc16q,,,proteinlab,PENDING,Existing Coupang URL is not confirmed as ProteinLab-only. Enter a newly issued ProteinLab link.
sellex-protein-lowsugar-190,프로틴 (로우슈거),셀렉스,drink,https://link.coupang.com/a/e8NPSHgelM,,,proteinlab,PENDING,Existing Coupang URL is not confirmed as ProteinLab-only. Enter a newly issued ProteinLab link.
sellex-protein-original-190,프로틴 (오리지널),셀렉스,drink,https://link.coupang.com/a/e8OlQ1O5cq,,,proteinlab,PENDING,Existing Coupang URL is not confirmed as ProteinLab-only. Enter a newly issued ProteinLab link.
seoulmilk-protein-energy-choco-240,프로틴 에너지 (초콜릿),서울우유,drink,https://link.coupang.com/a/e8N7MtZVUi,,,proteinlab,PENDING,Existing Coupang URL is not confirmed as ProteinLab-only. Enter a newly issued ProteinLab link.
seoulmilk-protein-energy-coffee-240,프로틴 에너지 (커피),서울우유,drink,,,,proteinlab,PENDING,No existing Coupang URL. Enter a newly issued ProteinLab link.
shakebaby-proteinshake-choco-45,단백질 쉐이크 (초코맛),쉐이크베이비,shake,https://link.coupang.com/a/fg03sNPqzk,,,proteinlab,PENDING,Existing Coupang URL is not confirmed as ProteinLab-only. Enter a newly issued ProteinLab link.
shakebaby-proteinshake-grain-45,단백질 쉐이크 (곡물맛),쉐이크베이비,shake,https://link.coupang.com/a/fg05Wly3Xw,,,proteinlab,PENDING,Existing Coupang URL is not confirmed as ProteinLab-only. Enter a newly issued ProteinLab link.
shakebaby-proteinshake-matcha-45,단백질 쉐이크 (말차맛),쉐이크베이비,shake,https://link.coupang.com/a/fg045ZUzG8,,,proteinlab,PENDING,Existing Coupang URL is not confirmed as ProteinLab-only. Enter a newly issued ProteinLab link.
shakebaby-proteinshake-strawberry-45,단백질 쉐이크 (딸기맛),쉐이크베이비,shake,https://link.coupang.com/a/fg04aMjR2O,,,proteinlab,PENDING,Existing Coupang URL is not confirmed as ProteinLab-only. Enter a newly issued ProteinLab link.
shakebaby-proteinshake-sweetcorn-flakes-45,단백질 쉐이크 (스윗콘 플레이크맛),쉐이크베이비,shake,https://link.coupang.com/a/fg06AalNca,,,proteinlab,PENDING,Existing Coupang URL is not confirmed as ProteinLab-only. Enter a newly issued ProteinLab link.
solveandgo-protamin-choco-250,프로타민 (초코맛),솔브앤고,drink,https://link.coupang.com/a/e8NZWa76lg,,,proteinlab,PENDING,Existing Coupang URL is not confirmed as ProteinLab-only. Enter a newly issued ProteinLab link.
solveandgo-protamin-savory-250,프로타민 (고소한맛),솔브앤고,drink,https://link.coupang.com/a/e8NTmX9Em4,,,proteinlab,PENDING,Existing Coupang URL is not confirmed as ProteinLab-only. Enter a newly issued ProteinLab link.
soyjoy-almond-chocolate-30,아몬드&초콜릿 30g,소이조이,bar,https://link.coupang.com/a/fg2OdpfFaC,,,proteinlab,PENDING,Existing Coupang URL is not confirmed as ProteinLab-only. Enter a newly issued ProteinLab link.
soyjoy-apple-30,애플 30g,소이조이,bar,https://link.coupang.com/a/fg2OTKGCd2,,,proteinlab,PENDING,Existing Coupang URL is not confirmed as ProteinLab-only. Enter a newly issued ProteinLab link.
soyjoy-blueberry-30,블루베리 30g,소이조이,bar,https://link.coupang.com/a/fg2Mm06zaS,,,proteinlab,PENDING,Existing Coupang URL is not confirmed as ProteinLab-only. Enter a newly issued ProteinLab link.
soyjoy-fruits-baked-cheese-30,후르츠&베이크드치즈 30g,소이조이,bar,https://link.coupang.com/a/fg2QGkMMZE,,,proteinlab,PENDING,Existing Coupang URL is not confirmed as ProteinLab-only. Enter a newly issued ProteinLab link.
soyjoy-plantbased-banana-25,플랜트베이스드 바나나 25g,소이조이,bar,https://link.coupang.com/a/fg2P8yq2bQ,,,proteinlab,PENDING,Existing Coupang URL is not confirmed as ProteinLab-only. Enter a newly issued ProteinLab link.
soyjoy-plantbased-macadamia-lemon-25,플랜트베이스드 마카다미아&레몬 25g,소이조이,bar,https://link.coupang.com/a/fg2PBlV0TY,,,proteinlab,PENDING,Existing Coupang URL is not confirmed as ProteinLab-only. Enter a newly issued ProteinLab link.
soyjoy-strawberry-30,스트로베리 30g,소이조이,bar,https://link.coupang.com/a/fg2NGUGHGC,,,proteinlab,PENDING,Existing Coupang URL is not confirmed as ProteinLab-only. Enter a newly issued ProteinLab link.
soyjoy-sweetpotato-30,스위트포테이토 30g,소이조이,bar,https://link.coupang.com/a/fg2M5TSzpQ,,,proteinlab,PENDING,Existing Coupang URL is not confirmed as ProteinLab-only. Enter a newly issued ProteinLab link.
syntha6-crispy-choco,프로틴 크리스프 단백질바 (초콜릿 크런치),비에스엔,bar,https://link.coupang.com/a/fg1Th9SVG0,,,proteinlab,PENDING,Existing Coupang URL is not confirmed as ProteinLab-only. Enter a newly issued ProteinLab link.
takefit-extreme-450,테이크핏 익스트림,테이크핏,drink,https://link.coupang.com/a/e8OpALPsvA,,,proteinlab,PENDING,Existing Coupang URL is not confirmed as ProteinLab-only. Enter a newly issued ProteinLab link.
takefit-max-banana-250,테이크핏 맥스 (바나나),테이크핏,drink,https://link.coupang.com/a/e8NwzcXuUu,,,proteinlab,PENDING,Existing Coupang URL is not confirmed as ProteinLab-only. Enter a newly issued ProteinLab link.
takefit-max-choco-250,테이크핏 맥스 (초코맛),테이크핏,drink,https://link.coupang.com/a/e8Nv18aYQS,,,proteinlab,PENDING,Existing Coupang URL is not confirmed as ProteinLab-only. Enter a newly issued ProteinLab link.
takefit-max-goso-250,테이크핏 맥스 (고소한맛),테이크핏,drink,https://link.coupang.com/a/e8Nve93CDY,,,proteinlab,PENDING,Existing Coupang URL is not confirmed as ProteinLab-only. Enter a newly issued ProteinLab link.
takefit-max-pumpkin-250,테이크핏 맥스 (호박고구마),테이크핏,drink,https://link.coupang.com/a/e8NxkHoenQ,,,proteinlab,PENDING,Existing Coupang URL is not confirmed as ProteinLab-only. Enter a newly issued ProteinLab link.
takefit-monster-chocobanana-350,테이크핏 몬스터 (초코바나나),테이크핏,drink,https://link.coupang.com/a/e8NK1mDFds,,,proteinlab,PENDING,Existing Coupang URL is not confirmed as ProteinLab-only. Enter a newly issued ProteinLab link.
takefit-monster-goso-350,테이크핏 몬스터 (고소한맛),테이크핏,drink,https://link.coupang.com/a/e8NKbDFBEy,,,proteinlab,PENDING,Existing Coupang URL is not confirmed as ProteinLab-only. Enter a newly issued ProteinLab link.
takefit-pro-flatpeach-500,테이크핏 프로 (납작복숭아맛),테이크핏,drink,https://link.coupang.com/a/e8Nkjk3Tky,,,proteinlab,PENDING,Existing Coupang URL is not confirmed as ProteinLab-only. Enter a newly issued ProteinLab link.
takefit-pro-lemon-500,테이크핏 프로 (레몬맛),테이크핏,drink,https://link.coupang.com/a/e8Ni86qS2C,,,proteinlab,PENDING,Existing Coupang URL is not confirmed as ProteinLab-only. Enter a newly issued ProteinLab link.
takefit-pro-shinemuscato-500,테이크핏 프로 (샤인머스캣맛),테이크핏,drink,https://link.coupang.com/a/e8Nk5zvlmK,,,proteinlab,PENDING,Existing Coupang URL is not confirmed as ProteinLab-only. Enter a newly issued ProteinLab link.
thedanbaek-crunchbar-choco,크런치바 (초코),더단백,bar,https://link.coupang.com/a/fg18UVoms0,,,proteinlab,PENDING,Existing Coupang URL is not confirmed as ProteinLab-only. Enter a newly issued ProteinLab link.
thedanbaek-crunchbar-peanutbutter,크런치바 (피넛버터),더단백,bar,https://link.coupang.com/a/fg2aVNVstg,,,proteinlab,PENDING,Existing Coupang URL is not confirmed as ProteinLab-only. Enter a newly issued ProteinLab link.
thedanbaek-mildbar-almondcookie,마일드바 (아몬드쿠키),더단백,bar,https://link.coupang.com/a/fg2b6dldHE,,,proteinlab,PENDING,Existing Coupang URL is not confirmed as ProteinLab-only. Enter a newly issued ProteinLab link.
thedanbaek-proteinshake-powder-choco-32,단백질쉐이크 파우더 (초코),더단백,shake,https://link.coupang.com/a/fg0PlINItw,,,proteinlab,PENDING,Existing Coupang URL is not confirmed as ProteinLab-only. Enter a newly issued ProteinLab link.
thedanbaek-proteinshake-powder-grain-32,단백질쉐이크 파우더 (곡물),더단백,shake,https://link.coupang.com/a/fg0PSNVanI,,,proteinlab,PENDING,Existing Coupang URL is not confirmed as ProteinLab-only. Enter a newly issued ProteinLab link.
ultive-protein-chestnut-250,프로틴 (맛밤),얼티브,drink,https://link.coupang.com/a/e8M3xdZDu8,,,proteinlab,PENDING,Existing Coupang URL is not confirmed as ProteinLab-only. Enter a newly issued ProteinLab link.
ultive-protein-pistachio-250,프로틴 (피스타치오맛),얼티브,drink,https://link.coupang.com/a/e8M56sF71w,,,proteinlab,PENDING,Existing Coupang URL is not confirmed as ProteinLab-only. Enter a newly issued ProteinLab link.
ultive-protein-rice-250,프로틴 (햇반),얼티브,drink,https://link.coupang.com/a/e8M5iPJ3wy,,,proteinlab,PENDING,Existing Coupang URL is not confirmed as ProteinLab-only. Enter a newly issued ProteinLab link.
ultive-protein-royalmilktea-250,프로틴 (로얄밀크티향),얼티브,drink,https://link.coupang.com/a/e8M6FyYyPI,,,proteinlab,PENDING,Existing Coupang URL is not confirmed as ProteinLab-only. Enter a newly issued ProteinLab link.
ultive-vegan-protein-banana-250,비건 프로틴 (바나나맛),얼티브,drink,https://link.coupang.com/a/e8M7yslwDA,,,proteinlab,PENDING,Existing Coupang URL is not confirmed as ProteinLab-only. Enter a newly issued ProteinLab link.
ultive-vegan-protein-choco-250,비건 프로틴 (초코맛),얼티브,drink,https://link.coupang.com/a/e8M81wsGUS,,,proteinlab,PENDING,Existing Coupang URL is not confirmed as ProteinLab-only. Enter a newly issued ProteinLab link.
who-greek-plain-450,후디스 그릭요거트 플레인 450g,후디스,yogurt,https://www.coupang.com/vp/products/168835912?itemId=10546415459&vendorItemId=77827885881&pickType=COU_PICK&q=후디스%20그릭요거트%20플레인%20450g&searchId=8a4c04863895078&sourceType=search&itemsCount=36&searchRank=0&rank=0&traceId=mmyvcukn,,,proteinlab,PENDING,Existing Coupang URL is not confirmed as ProteinLab-only. Enter a newly issued ProteinLab link.
who-greek-plain-80,후디스 그릭요거트 플레인 80g,후디스,yogurt,https://www.coupang.com/vp/products/4938428240?itemId=19079285352&vendorItemId=72900492237&q=%ED%9B%84%EB%94%94%EC%8A%A4+%EA%B7%B8%EB%A6%AD%EC%9A%94%EA%B1%B0%ED%8A%B8+%ED%94%8C%EB%A0%88%EC%9D%B8+80g&searchId=d528eb892453370&sourceType=search&itemsCount=36&searchRank=0&rank=0&traceId=mmyvcju2,,,proteinlab,PENDING,Existing Coupang URL is not confirmed as ProteinLab-only. Enter a newly issued ProteinLab link.
who-highprotein-greek-unsweetened-400,후디스 고단백 무가당 그릭요거트 400g,후디스,yogurt,https://www.coupang.com/vp/products/8566052890?itemId=25438448255&vendorItemId=93564298776&q=%ED%9B%84%EB%94%94%EC%8A%A4+%EA%B3%A0%EB%8B%A8%EB%B0%B1+%EB%AC%B4%EA%B0%80%EB%8B%B9+%EA%B7%B8%EB%A6%AD%EC%9A%94%EA%B1%B0%ED%8A%B8+400g&searchId=5d0cbc644723772&sourceType=search&itemsCount=36&searchRank=0&rank=0&traceId=mmyvfarw,,,proteinlab,PENDING,Existing Coupang URL is not confirmed as ProteinLab-only. Enter a newly issued ProteinLab link.
who-organic-greek-plain-480,후디스 유기농 그릭요거트 플레인 480g,후디스,yogurt,https://www.coupang.com/vp/products/4996524796?itemId=6671892225&vendorItemId=73965622624&pickType=COU_PICK&q=%ED%9B%84%EB%94%94%EC%8A%A4+%EC%9C%A0%EA%B8%B0%EB%86%8D+%EA%B7%B8%EB%A6%AD%EC%9A%94%EA%B1%B0%ED%8A%B8+%ED%94%8C%EB%A0%88%EC%9D%B8+480g&searchId=d1e4709b9159719&sourceType=search&itemsCount=36&searchRank=1&rank=1&traceId=mnpsesqj,,,proteinlab,PENDING,Existing Coupang URL is not confirmed as ProteinLab-only. Enter a newly issued ProteinLab link.
who-organic-greek-unsweetened-450,후디스 유기농 그릭요거트 달지않은 플레인 450g,후디스,yogurt,https://www.coupang.com/vp/products/8239274980?itemId=23712766463&vendorItemId=90737719026&pickType=COU_PICK&q=%ED%9B%84%EB%94%94%EC%8A%A4+%EC%9C%A0%EA%B8%B0%EB%86%8D+%EA%B7%B8%EB%A6%AD%EC%9A%94%EA%B1%B0%ED%8A%B8+%EB%8B%AC%EC%A7%80%EC%95%8A%EC%9D%80+%ED%94%8C%EB%A0%88%EC%9D%B8+450g&searchId=f20b61894626637&sourceType=search&itemsCount=36&searchRank=0&rank=0&traceId=mmyvp4z3,,,proteinlab,PENDING,Existing Coupang URL is not confirmed as ProteinLab-only. Enter a newly issued ProteinLab link.
yonsei-severance-a2-protein-choco-190,세브란스 A2 프로틴 (초콜릿),연세유업,drink,https://link.coupang.com/a/e8NUiJPU7w,,,proteinlab,PENDING,Existing Coupang URL is not confirmed as ProteinLab-only. Enter a newly issued ProteinLab link.
yonsei-severance-a2-protein-coffee-190,세브란스 A2 프로틴 (커피),연세유업,drink,https://link.coupang.com/a/e8NUXLFF7c,,,proteinlab,PENDING,Existing Coupang URL is not confirmed as ProteinLab-only. Enter a newly issued ProteinLab link.
yonsei-severance-a2-protein-original-190,세브란스 A2 프로틴 (오리지널),연세유업,drink,https://link.coupang.com/a/e8OcgrgETc,,,proteinlab,PENDING,Existing Coupang URL is not confirmed as ProteinLab-only. Enter a newly issued ProteinLab link.
yoplait-protein-blueberry-100,요플레 프로틴 블루베리 떠먹는 요구르트 100g,요플레,yogurt,,,,proteinlab,PENDING,No existing Coupang URL. Enter a newly issued ProteinLab link.
yoplait-protein-max-210,요플레 프로틴 MAX 210mL,요플레,yogurt,https://www.coupang.com/vp/products/7842498830?itemId=21353027936&vendorItemId=88410649081&q=%EC%9A%94%ED%94%8C%EB%A0%88+%ED%94%84%EB%A1%9C%ED%8B%B4+MAX+210mL&searchId=285cf54f4478679&sourceType=search&itemsCount=36&searchRank=0&rank=0&traceId=mmyvby76,,,proteinlab,PENDING,Existing Coupang URL is not confirmed as ProteinLab-only. Enter a newly issued ProteinLab link.
yoplait-protein-plain-100,요플레 프로틴 플레인 떠먹는 요구르트 100g,요플레,yogurt,,,,proteinlab,PENDING,No existing Coupang URL. Enter a newly issued ProteinLab link.
yoplait-protein-plain-210,요플레 프로틴 드링크 플레인 210mL,요플레,yogurt,https://www.coupang.com/vp/products/4542348097?itemId=22950129834&vendorItemId=94053885418&q=요플레%20프로틴%20드링크%20플레인%20210mL&searchId=eaa9785a4500454&sourceType=search&itemsCount=36&searchRank=0&rank=0&traceId=mmyvb8kb,,,proteinlab,PENDING,Existing Coupang URL is not confirmed as ProteinLab-only. Enter a newly issued ProteinLab link.
yoplait-protein-strawberry-banana-210,요플레 프로틴 드링크 딸기바나나 210mL,요플레,yogurt,https://www.coupang.com/vp/products/7828219997?itemId=13592033192&vendorItemId=82196265119&q=%EC%9A%94%ED%94%8C%EB%A0%88+%ED%94%84%EB%A1%9C%ED%8B%B4+%EB%93%9C%EB%A7%81%ED%81%AC+%EB%94%B8%EA%B8%B0%EB%B0%94%EB%82%98%EB%82%98+210mL&searchId=c9349e124494544&sourceType=search&itemsCount=36&searchRank=0&rank=0&traceId=mmyvbi49,,,proteinlab,PENDING,Existing Coupang URL is not confirmed as ProteinLab-only. Enter a newly issued ProteinLab link.
yopro-blueberry-150,요프로 프로틴 블루베리 요거트 150g,요프로,yogurt,https://www.coupang.com/vp/products/9181041541?itemId=27135693609&vendorItemId=94103639306&pickType=COU_PICK&q=%EC%9A%94%ED%94%84%EB%A1%9C+%ED%94%84%EB%A1%9C%ED%8B%B4+%EB%B8%94%EB%A3%A8%EB%B2%A0%EB%A6%AC+%EC%9A%94%EA%B1%B0%ED%8A%B8+150g&searchId=20e63bca1784784&sourceType=search&itemsCount=36&searchRank=0&rank=0&traceId=mmyv9mse,,,proteinlab,PENDING,Existing Coupang URL is not confirmed as ProteinLab-only. Enter a newly issued ProteinLab link.
yopro-plain-150,요프로 프로틴 설탕무첨가 플레인 요거트 150g,요프로,yogurt,https://www.coupang.com/vp/products/9181041542?itemId=27135694124&vendorItemId=94103639497&q=%EC%9A%94%ED%94%84%EB%A1%9C+%ED%94%84%EB%A1%9C%ED%8B%B4+%EC%84%A4%ED%83%95%EB%AC%B4%EC%B2%A8%EA%B0%80+%ED%94%8C%EB%A0%88%EC%9D%B8+%EC%9A%94%EA%B1%B0%ED%8A%B8+150g&searchId=2f1296fb4474231&sourceType=search&itemsCount=36&searchRank=1&rank=1&traceId=mmyv95bv,,,proteinlab,PENDING,Existing Coupang URL is not confirmed as ProteinLab-only. Enter a newly issued ProteinLab link.
yozm-apple-cinnamon-130,YOZM 그릭요거트 애플시나몬 130g,YOZM,yogurt,https://www.coupang.com/vp/products/8744851239?itemId=27391192182&vendorItemId=94356984474&q=YOZM+%EA%B7%B8%EB%A6%AD%EC%9A%94%EA%B1%B0%ED%8A%B8+%EC%95%A0%ED%94%8C%EC%8B%9C%EB%82%98%EB%AA%AC+130g&searchId=a54abd522441953&sourceType=search&itemsCount=36&searchRank=1&rank=1&traceId=mn8nk6lt,,,proteinlab,PENDING,Existing Coupang URL is not confirmed as ProteinLab-only. Enter a newly issued ProteinLab link.
yozm-blueberry-compote-130,YOZM 그릭요거트 블루베리 콩포트 130g,YOZM,yogurt,https://www.coupang.com/vp/products/6941706301?itemId=19225634254&vendorItemId=86342275913&pickType=COU_PICK&q=YOZM+%EA%B7%B8%EB%A6%AD%EC%9A%94%EA%B1%B0%ED%8A%B8+%EB%B8%94%EB%A3%A8%EB%B2%A0%EB%A6%AC+%EC%BD%A9%ED%8F%AC%ED%8A%B8+130g&searchId=f74254b91700330&sourceType=search&itemsCount=36&searchRank=0&rank=0&traceId=mn8nji0o,,,proteinlab,PENDING,Existing Coupang URL is not confirmed as ProteinLab-only. Enter a newly issued ProteinLab link.
yozm-cacao-granola-120,YOZM 그릭요거트 카카오 그래놀라 120g,YOZM,yogurt,https://www.coupang.com/vp/products/6919833096?itemId=19233868128&vendorItemId=86350321522&q=YOZM+%EA%B7%B8%EB%A6%AD%EC%9A%94%EA%B1%B0%ED%8A%B8+%EC%B4%88%EC%BD%94+%ED%81%AC%EB%9E%98%EB%86%80%EB%9D%BC+120g&searchId=d66fe5352431002&sourceType=search&itemsCount=36&searchRank=0&rank=0&traceId=mn8nkfc5,,,proteinlab,PENDING,Existing Coupang URL is not confirmed as ProteinLab-only. Enter a newly issued ProteinLab link.
yozm-cafe-latte-100,YOZM 그릭요거트 카페라떼 100g,YOZM,yogurt,https://www.coupang.com/vp/products/9155961457?itemId=26964737551&vendorItemId=93933686886&q=YOZM+%EA%B7%B8%EB%A6%AD%EC%9A%94%EA%B1%B0%ED%8A%B8+%EC%B9%B4%ED%8E%98%EB%9D%BC%EB%96%BC+100g&searchId=0ac988482433245&sourceType=search&itemsCount=36&searchRank=1&rank=1&traceId=mn8nl290,,,proteinlab,PENDING,Existing Coupang URL is not confirmed as ProteinLab-only. Enter a newly issued ProteinLab link.
yozm-choco-cranola-120,YOZM 그릭요거트 초코 크래놀라 120g,YOZM,yogurt,https://www.coupang.com/vp/products/8603770365?itemId=24990321066&vendorItemId=91995694303&q=YOZM%20%EA%B7%B8%EB%A6%AD%EC%9A%94%EA%B1%B0%ED%8A%B8%20%EC%B4%88%EC%BD%94%20%ED%81%AC%EB%9E%98%EB%86%80%EB%9D%BC%20120g&searchId=d66fe5352431002&sourceType=search&itemsCount=36&searchRank=2&rank=2&traceId=mn8nkska,,,proteinlab,PENDING,Existing Coupang URL is not confirmed as ProteinLab-only. Enter a newly issued ProteinLab link.
yozm-crispy-granola-120,YOZM 그릭요거트 크리스피 그래놀라 120g,YOZM,yogurt,https://www.coupang.com/vp/products/6919833096?itemId=19233868128&vendorItemId=86350321522&q=YOZM%20그릭요거트%20크리스피%20그래놀라%20120g&searchId=cd8615c42441301&sourceType=search&itemsCount=36&searchRank=2&rank=2&traceId=mn8nlify,,,proteinlab,PENDING,Existing Coupang URL is not confirmed as ProteinLab-only. Enter a newly issued ProteinLab link.
yozm-low-sugar-matcha-100,YOZM 저당 그릭요거트 말차 100g,YOZM,yogurt,https://www.coupang.com/vp/products/9150768333?itemId=27003096941&vendorItemId=93971799675&pickType=COU_PICK&q=YOZM%20저당%20그릭요거트%20말차%20100g&searchId=0ebe94ef2461572&sourceType=search&itemsCount=36&searchRank=0&rank=0&traceId=mn8nm0lw,,,proteinlab,PENDING,Existing Coupang URL is not confirmed as ProteinLab-only. Enter a newly issued ProteinLab link.
yozm-oh-granola-low-sugar-115,YOZM 오! 그래놀라 저당 그릭요거트 115g,YOZM,yogurt,https://www.coupang.com/vp/products/9071774255?itemId=26642437310&vendorItemId=93625442795&q=YOZM%20%EC%98%A4!%20%EA%B7%B8%EB%9E%98%EB%86%80%EB%9D%BC%20%EC%A0%80%EB%8B%B9%20%EA%B7%B8%EB%A6%AD%EC%9A%94%EA%B1%B0%ED%8A%B8%20115g&searchId=891fa8ac2438545&sourceType=search&itemsCount=36&searchRank=2&rank=2&traceId=mn8nlqkl,,,proteinlab,PENDING,Existing Coupang URL is not confirmed as ProteinLab-only. Enter a newly issued ProteinLab link.
yozm-plain-greek-450,YOZM 플레인 그릭요거트 450g,YOZM,yogurt,https://www.coupang.com/vp/products/7706219199?itemId=24373954690&vendorItemId=92227982679&q=YOZM+%ED%94%8C%EB%A0%88%EC%9D%B8+%EA%B7%B8%EB%A6%AD%EC%9A%94%EA%B1%B0%ED%8A%B8+450g&searchId=34022daa1841646&sourceType=search&itemsCount=36&searchRank=0&rank=0&traceId=mmyvfjad,,,proteinlab,PENDING,Existing Coupang URL is not confirmed as ProteinLab-only. Enter a newly issued ProteinLab link.
yozm-plain-greek-800,YOZM 플레인 그릭요거트 800g,YOZM,yogurt,https://www.coupang.com/vp/products/331527359?itemId=12492311650&vendorItemId=79760989358&pickType=COU_PICK&q=YOZM+%ED%94%8C%EB%A0%88%EC%9D%B8+%EA%B7%B8%EB%A6%AD%EC%9A%94%EA%B1%B0%ED%8A%B8+800g&searchId=6d32ffe94537647&sourceType=search&itemsCount=36&searchRank=0&rank=0&traceId=mmyvft1b,,,proteinlab,PENDING,Existing Coupang URL is not confirmed as ProteinLab-only. Enter a newly issued ProteinLab link.
yozm-soft-plain-500,YOZM 소프트 플레인 500g,YOZM,yogurt,https://www.coupang.com/vp/products/6919832216?itemId=16705889169&vendorItemId=83888331357&pickType=COU_PICK&q=YOZM+%EC%86%8C%ED%94%84%ED%8A%B8+%ED%94%8C%EB%A0%88%EC%9D%B8+500g&searchId=aa540046995725&sourceType=search&itemsCount=36&searchRank=0&rank=0&traceId=mmyvg28a,,,proteinlab,PENDING,Existing Coupang URL is not confirmed as ProteinLab-only. Enter a newly issued ProteinLab link.
yozm-strawberry-compote-130,YOZM 그릭요거트 스트로베리 콩포트 130g,YOZM,yogurt,https://www.coupang.com/vp/products/9449131609?itemId=28108889931&vendorItemId=95064910245&q=YOZM+%EA%B7%B8%EB%A6%AD%EC%9A%94%EA%B1%B0%ED%8A%B8+%EC%8A%A4%ED%8A%B8%EB%A1%9C%EB%B2%A0%EB%A6%AC+%EC%BD%A9%ED%8F%AC%ED%8A%B8+130g&searchId=89c7f8381254599&sourceType=search&itemsCount=36&searchRank=0&rank=0&traceId=mn8njth1,,,proteinlab,PENDING,Existing Coupang URL is not confirmed as ProteinLab-only. Enter a newly issued ProteinLab link.
